satid,satname,mag,duration,start_utc,start_alt,start_az,max_utc,max_alt,max_az,end_utc,end_alt,end_az,visible,detail_url,mjd,date,time_window,totalcloudcover,highclouds,midclouds,lowclouds,temperature,windspeed,pictocode
20580,HST,3.0,121,2026-05-21T19:26:09,10.0,S,2026-05-21T19:27:10,11.0,SSE,2026-05-21T19:28:11,10.0,SE,True,passdetails.aspx?lat=33.598889&lng=130.211667&loc=Unspecified&alt=73&tz=UCT&cul=en&satid=20580&mjd=61181.8105375978&type=V,61181.8105375978,2026-05-22,morning,74,53,21,74,16.95,1.51,9
20580,HST,2.9,113,2026-05-22T18:54:41,10.0,S,2026-05-22T18:55:37,11.0,SSE,2026-05-22T18:56:34,10.0,SE,True,passdetails.aspx?lat=33.598889&lng=130.211667&loc=Unspecified&alt=73&tz=UCT&cul=en&satid=20580&mjd=61182.7886285669&type=V,61182.7886285669,2026-05-23,morning,47,20,15,47,17.33,1.38,8
20580,HST,3.1,12,2026-05-23T18:24:42,10.0,SSE,2026-05-23T18:24:42,10.0,SSE,2026-05-23T18:24:55,10.0,SE,True,passdetails.aspx?lat=33.598889&lng=130.211667&loc=Unspecified&alt=73&tz=UCT&cul=en&satid=20580&mjd=61183.7671634111&type=V,61183.7671634111,2026-05-24,morning,67,10,36,67,17.76,1.38,17
20580,HST,1.8,368,2026-05-24T19:28:45,11.0,SW,2026-05-24T19:31:42,27.0,SSE,2026-05-24T19:34:53,10.0,ESE,True,passdetails.aspx?lat=33.598889&lng=130.211667&loc=Unspecified&alt=73&tz=UCT&cul=en&satid=20580&mjd=61184.8136813301&type=V,61184.8136813301,2026-05-25,morning,98,0,9,98,18.2,1.04,16
20580,HST,1.8,271,2026-05-25T18:58:47,21.0,SSW,2026-05-25T19:00:08,26.0,SSE,2026-05-25T19:03:19,10.0,ESE,True,passdetails.aspx?lat=33.598889&lng=130.211667&loc=Unspecified&alt=73&tz=UCT&cul=en&satid=20580&mjd=61185.7917599261&type=V,61185.7917599261,2026-05-26,morning,64,0,64,39,19.49,1.14,7
20580,HST,1.8,176,2026-05-26T18:28:48,26.0,SSE,2026-05-26T18:28:48,26.0,SSE,2026-05-26T18:31:44,10.0,ESE,True,passdetails.aspx?lat=33.598889&lng=130.211667&loc=Unspecified&alt=73&tz=UCT&cul=en&satid=20580&mjd=61186.7700020393&type=V,61186.7700020393,2026-05-27,morning,99,90,99,82,22.86,3.37,22
20580,HST,2.6,78,2026-05-27T17:58:50,18.0,SE,2026-05-27T17:58:50,18.0,SE,2026-05-27T18:00:08,10.0,ESE,True,passdetails.aspx?lat=33.598889&lng=130.211667&loc=Unspecified&alt=73&tz=UCT&cul=en&satid=20580&mjd=61187.7491902684&type=V,61187.7491902684,2026-05-28,morning,76,0,0,76,20.55,2.55,19
20580,HST,1.2,418,2026-05-27T19:32:51,10.0,WSW,2026-05-27T19:36:20,37.0,S,2026-05-27T19:39:49,10.0,ESE,True,passdetails.aspx?lat=33.598889&lng=130.211667&loc=Unspecified&alt=73&tz=UCT&cul=en&satid=20580&mjd=61187.8169070789&type=V,61187.8169070789,2026-05-28,morning,81,0,0,81,20.41,2.55,19
20580,HST,1.2,321,2026-05-28T19:02:53,22.0,SW,2026-05-28T19:04:44,37.0,S,2026-05-28T19:08:14,10.0,ESE,True,passdetails.aspx?lat=33.598889&lng=130.211667&loc=Unspecified&alt=73&tz=UCT&cul=en&satid=20580&mjd=61188.7949629884&type=V,61188.7949629884,2026-05-29,morning,10,0,0,10,18.87,0.78,4
20580,HST,1.1,216,2026-05-29T18:33:01,37.0,S,2026-05-29T18:33:08,37.0,S,2026-05-29T18:36:37,10.0,ESE,True,passdetails.aspx?lat=33.598889&lng=130.211667&loc=Unspecified&alt=73&tz=UCT&cul=en&satid=20580&mjd=61189.7730150687&type=V,61189.7730150687,2026-05-30,morning,30,100,0,0,18.94,0.51,3
20580,HST,2.2,107,2026-05-30T18:03:13,23.0,SE,2026-05-30T18:03:13,23.0,SE,2026-05-30T18:05:00,10.0,ESE,True,passdetails.aspx?lat=33.598889&lng=130.211667&loc=Unspecified&alt=73&tz=UCT&cul=en&satid=20580&mjd=61190.752243222&type=V,61190.752243222,2026-05-31,morning,0,0,0,0,19.25,0.41,1
20580,HST,1.7,384,2026-05-30T19:37:42,10.0,WSW,2026-05-30T19:40:55,27.0,SSW,2026-05-30T19:44:06,10.0,SE,True,passdetails.aspx?lat=33.598889&lng=130.211667&loc=Unspecified&alt=73&tz=UCT&cul=en&satid=20580&mjd=61190.8200823732&type=V,61190.8200823732,2026-05-31,morning,0,0,0,0,20.05,0.4,1
25544,ISS (ZARYA),-1.3,88,2026-05-22T12:58:30,10.0,NNW,2026-05-22T12:59:58,21.0,N,2026-05-22T12:59:58,21.0,N,True,passdetails.aspx?lat=33.598889&lng=130.211667&loc=Unspecified&alt=73&tz=UCT&cul=en&satid=25544&mjd=61182.5416536891&type=V,61182.5416536891,2026-05-22,evening,48,15,45,48,17.99,3.39,8
25544,ISS (ZARYA),-1.8,170,2026-05-23T12:11:08,10.0,NNW,2026-05-23T12:13:42,20.0,NE,2026-05-23T12:13:59,20.0,NE,True,passdetails.aspx?lat=33.598889&lng=130.211667&loc=Unspecified&alt=73&tz=UCT&cul=en&satid=25544&mjd=61183.5095242471&type=V,61183.5095242471,2026-05-23,evening,57,55,43,57,19.53,1.5,9
25544,ISS (ZARYA),-1.2,208,2026-05-24T11:24:02,10.0,N,2026-05-24T11:25:47,13.0,NNE,2026-05-24T11:27:31,10.0,ENE,True,passdetails.aspx?lat=33.598889&lng=130.211667&loc=Unspecified&alt=73&tz=UCT&cul=en&satid=25544&mjd=61184.4762415249&type=V,61184.4762415249,2026-05-24,evening,35,100,20,35,20.32,1.7,6
25544,ISS (ZARYA),-1.4,82,2026-05-24T12:59:34,10.0,NW,2026-05-24T13:00:57,23.0,NW,2026-05-24T13:00:57,23.0,NW,True,passdetails.aspx?lat=33.598889&lng=130.211667&loc=Unspecified&alt=73&tz=UCT&cul=en&satid=25544&mjd=61184.5423343102&type=V,61184.5423343102,2026-05-24,evening,38,100,30,38,19.75,1.41,6
25544,ISS (ZARYA),-3.5,192,2026-05-25T12:11:50,10.0,NW,2026-05-25T12:15:02,59.0,NNE,2026-05-25T12:15:02,59.0,NNE,True,passdetails.aspx?lat=33.598889&lng=130.211667&loc=Unspecified&alt=73&tz=UCT&cul=en&satid=25544&mjd=61185.5104419887&type=V,61185.5104419887,2026-05-25,evening,54,0,5,54,21.58,0.72,7
25544,ISS (ZARYA),-2.6,292,2026-05-26T11:24:16,10.0,NNW,2026-05-26T11:27:19,32.0,NE,2026-05-26T11:29:09,19.0,E,True,passdetails.aspx?lat=33.598889&lng=130.211667&loc=Unspecified&alt=73&tz=UCT&cul=en&satid=25544&mjd=61186.4773064815&type=V,61186.4773064815,2026-05-26,evening,100,100,100,80,23.46,3.15,33
25544,ISS (ZARYA),-0.8,31,2026-05-26T13:01:33,10.0,W,2026-05-26T13:02:05,13.0,W,2026-05-26T13:02:05,13.0,W,True,passdetails.aspx?lat=33.598889&lng=130.211667&loc=Unspecified&alt=73&tz=UCT&cul=en&satid=25544&mjd=61186.5431230252&type=V,61186.5431230252,2026-05-26,evening,90,100,90,80,23.29,3.73,22
25544,ISS (ZARYA),-2.7,182,2026-05-27T12:13:12,10.0,WNW,2026-05-27T12:16:15,34.0,SW,2026-05-27T12:16:15,34.0,SW,True,passdetails.aspx?lat=33.598889&lng=130.211667&loc=Unspecified&alt=73&tz=UCT&cul=en&satid=25544&mjd=61187.5112960011&type=V,61187.5112960011,2026-05-27,evening,88,0,1,88,21.52,2.49,22
25544,ISS (ZARYA),-3.7,315,2026-05-28T11:25:14,10.0,NW,2026-05-28T11:28:33,70.0,SW,2026-05-28T11:30:29,23.0,SE,True,passdetails.aspx?lat=33.598889&lng=130.211667&loc=Unspecified&alt=73&tz=UCT&cul=en&satid=25544&mjd=61188.4781604799&type=V,61188.4781604799,2026-05-28,evening,0,0,0,0,20.37,1.43,1
25544,ISS (ZARYA),-1.5,287,2026-05-30T11:27:05,10.0,W,2026-05-30T11:29:29,19.0,SW,2026-05-30T11:31:53,10.0,S,True,passdetails.aspx?lat=33.598889&lng=130.211667&loc=Unspecified&alt=73&tz=UCT&cul=en&satid=25544&mjd=61190.4788129025&type=V,61190.4788129025,2026-05-30,evening,30,100,0,0,22.23,1.26,3
27386,ENVISAT,4.9,242,2026-05-21T16:52:15,10.0,NE,2026-05-21T16:55:54,20.0,E,2026-05-21T16:56:18,20.0,ESE,True,passdetails.aspx?lat=33.598889&lng=130.211667&loc=Unspecified&alt=73&tz=UCT&cul=en&satid=27386&mjd=61181.705491857&type=V,61181.705491857,2026-05-22,morning,90,54,0,90,17.06,1.95,22
27386,ENVISAT,3.7,372,2026-05-21T18:30:14,10.0,N,2026-05-21T18:34:53,38.0,WNW,2026-05-21T18:36:26,30.0,WSW,True,passdetails.aspx?lat=33.598889&lng=130.211667&loc=Unspecified&alt=73&tz=UCT&cul=en&satid=27386&mjd=61181.7742254431&type=V,61181.7742254431,2026-05-22,morning,82,73,1,82,16.72,1.64,21
27386,ENVISAT,2.9,365,2026-05-22T17:52:07,10.0,NNE,2026-05-22T17:57:12,87.0,ESE,2026-05-22T17:58:12,59.0,S,True,passdetails.aspx?lat=33.598889&lng=130.211667&loc=Unspecified&alt=73&tz=UCT&cul=en&satid=27386&mjd=61182.7480614044&type=V,61182.7480614044,2026-05-23,morning,59,8,32,59,17.35,1.53,7
27386,ENVISAT,4.1,314,2026-05-23T17:14:43,10.0,NNE,2026-05-23T17:19:20,35.0,E,2026-05-23T17:19:58,33.0,ESE,True,passdetails.aspx?lat=33.598889&lng=130.211667&loc=Unspecified&alt=73&tz=UCT&cul=en&satid=27386&mjd=61183.7217653657&type=V,61183.7217653657,2026-05-24,morning,70,7,55,70,17.75,1.35,16
27386,ENVISAT,4.4,357,2026-05-23T18:54:08,10.0,NNW,2026-05-23T18:57:59,22.0,WNW,2026-05-23T19:00:06,17.0,W,True,passdetails.aspx?lat=33.598889&lng=130.211667&loc=Unspecified&alt=73&tz=UCT&cul=en&satid=27386&mjd=61183.7902729285&type=V,61183.7902729285,2026-05-24,morning,67,10,36,67,17.76,1.38,17
27386,ENVISAT,5.3,182,2026-05-24T16:38:42,10.0,ENE,2026-05-24T16:41:16,14.0,E,2026-05-24T16:41:44,14.0,E,True,passdetails.aspx?lat=33.598889&lng=130.211667&loc=Unspecified&alt=73&tz=UCT&cul=en&satid=27386&mjd=61184.6953345695&type=V,61184.6953345695,2026-05-25,morning,69,0,30,69,18.02,0.98,7
27386,ENVISAT,3.2,381,2026-05-24T18:15:31,10.0,N,2026-05-24T18:20:26,53.0,WNW,2026-05-24T18:21:52,40.0,WSW,True,passdetails.aspx?lat=33.598889&lng=130.211667&loc=Unspecified&alt=73&tz=UCT&cul=en&satid=27386&mjd=61184.7641963996&type=V,61184.7641963996,2026-05-25,morning,98,0,7,98,17.77,1.03,16
27386,ENVISAT,3.2,358,2026-05-25T17:37:40,10.0,NNE,2026-05-25T17:42:41,62.0,E,2026-05-25T17:43:38,51.0,SSE,True,passdetails.aspx?lat=33.598889&lng=130.211667&loc=Unspecified&alt=73&tz=UCT&cul=en&satid=27386&mjd=61185.7379800231&type=V,61185.7379800231,2026-05-26,morning,44,0,44,34,19.39,0.99,7
27386,ENVISAT,5.0,271,2026-05-25T19:18:45,10.0,NW,2026-05-25T19:21:01,13.0,WNW,2026-05-25T19:23:17,10.0,W,True,passdetails.aspx?lat=33.598889&lng=130.211667&loc=Unspecified&alt=73&tz=UCT&cul=en&satid=27386&mjd=61185.8062641353&type=V,61185.8062641353,2026-05-26,morning,75,27,75,54,20.05,1.26,20
27386,ENVISAT,4.6,285,2026-05-26T17:00:38,10.0,NE,2026-05-26T17:04:44,25.0,E,2026-05-26T17:05:24,24.0,ESE,True,passdetails.aspx?lat=33.598889&lng=130.211667&loc=Unspecified&alt=73&tz=UCT&cul=en&satid=27386&mjd=61186.7116301198&type=V,61186.7116301198,2026-05-27,morning,92,100,92,81,22.93,3.38,33
27386,ENVISAT,4.0,380,2026-05-26T18:39:11,10.0,N,2026-05-26T18:43:36,31.0,WNW,2026-05-26T18:45:31,23.0,WSW,True,passdetails.aspx?lat=33.598889&lng=130.211667&loc=Unspecified&alt=73&tz=UCT&cul=en&satid=27386&mjd=61186.7802807856&type=V,61186.7802807856,2026-05-27,morning,99,90,99,82,22.86,3.37,22
27386,ENVISAT,2.9,383,2026-05-27T18:00:54,10.0,N,2026-05-27T18:05:58,76.0,WNW,2026-05-27T18:07:17,49.0,SSW,True,passdetails.aspx?lat=33.598889&lng=130.211667&loc=Unspecified&alt=73&tz=UCT&cul=en&satid=27386&mjd=61187.7541443634&type=V,61187.7541443634,2026-05-28,morning,79,0,0,79,20.4,2.61,19
27386,ENVISAT,3.8,343,2026-05-28T17:23:19,10.0,NNE,2026-05-28T17:28:08,43.0,E,2026-05-28T17:29:03,39.0,SE,True,passdetails.aspx?lat=33.598889&lng=130.211667&loc=Unspecified&alt=73&tz=UCT&cul=en&satid=27386&mjd=61188.7278718092&type=V,61188.7278718092,2026-05-29,morning,3,10,0,0,17.67,0.8,2
27386,ENVISAT,4.6,353,2026-05-28T19:03:17,10.0,NNW,2026-05-28T19:06:40,18.0,WNW,2026-05-28T19:09:11,13.0,W,True,passdetails.aspx?lat=33.598889&lng=130.211667&loc=Unspecified&alt=73&tz=UCT&cul=en&satid=27386&mjd=61188.7963075638&type=V,61188.7963075638,2026-05-29,morning,10,0,0,10,18.87,0.78,4
27386,ENVISAT,5.0,239,2026-05-29T16:46:48,10.0,NE,2026-05-29T16:50:07,17.0,E,2026-05-29T16:50:48,17.0,ESE,True,passdetails.aspx?lat=33.598889&lng=130.211667&loc=Unspecified&alt=73&tz=UCT&cul=en&satid=27386&mjd=61189.7014814027&type=V,61189.7014814027,2026-05-30,morning,30,100,0,0,18.83,0.2,3
27386,ENVISAT,3.5,391,2026-05-29T18:24:24,10.0,N,2026-05-29T18:29:09,43.0,WNW,2026-05-29T18:30:56,31.0,WSW,True,passdetails.aspx?lat=33.598889&lng=130.211667&loc=Unspecified&alt=73&tz=UCT&cul=en&satid=27386&mjd=61189.7702543384&type=V,61189.7702543384,2026-05-30,morning,30,100,0,0,18.94,0.51,3
27386,ENVISAT,3.0,378,2026-05-30T17:46:23,10.0,NNE,2026-05-30T17:51:27,77.0,E,2026-05-30T17:52:41,52.0,S,True,passdetails.aspx?lat=33.598889&lng=130.211667&loc=Unspecified&alt=73&tz=UCT&cul=en&satid=27386&mjd=61190.7440689435&type=V,61190.7440689435,2026-05-31,morning,0,0,0,0,19.03,0.41,1
27386,ENVISAT,5.1,97,2026-05-30T19:28:51,10.0,NW,2026-05-30T19:29:40,10.0,WNW,2026-05-30T19:30:29,10.0,WNW,True,passdetails.aspx?lat=33.598889&lng=130.211667&loc=Unspecified&alt=73&tz=UCT&cul=en&satid=27386&mjd=61190.812273478&type=V,61190.812273478,2026-05-31,morning,0,0,0,0,20.05,0.4,1
48274,CSS (TIANHE),-0.7,362,2026-05-21T11:41:26,10.0,W,2026-05-21T11:44:27,38.0,NNW,2026-05-21T11:47:29,10.0,NE,True,passdetails.aspx?lat=33.598889&lng=130.211667&loc=Unspecified&alt=73&tz=UCT&cul=en&satid=48274&mjd=61181.4892116238&type=V,61181.4892116238,2026-05-21,evening,97,75,0,97,18.56,1.97,22
48274,CSS (TIANHE),1.3,32,2026-05-21T13:19:25,10.0,NW,2026-05-21T13:19:58,13.0,NW,2026-05-21T13:19:58,13.0,NW,True,passdetails.aspx?lat=33.598889&lng=130.211667&loc=Unspecified&alt=73&tz=UCT&cul=en&satid=48274&mjd=61181.5555439815&type=V,61181.5555439815,2026-05-21,evening,93,68,0,93,17.8,1.8,22
48274,CSS (TIANHE),-1.6,381,2026-05-22T10:41:50,10.0,WSW,2026-05-22T10:45:00,64.0,NNW,2026-05-22T10:48:11,10.0,ENE,True,passdetails.aspx?lat=33.598889&lng=130.211667&loc=Unspecified&alt=73&tz=UCT&cul=en&satid=48274&mjd=61182.4479254124&type=V,61182.4479254124,2026-05-22,evening,54,5,12,54,18.88,4.31,7
48274,CSS (TIANHE),0.4,246,2026-05-22T12:19:41,10.0,WNW,2026-05-22T12:22:14,21.0,N,2026-05-22T12:23:47,16.0,NNE,True,passdetails.aspx?lat=33.598889&lng=130.211667&loc=Unspecified&alt=73&tz=UCT&cul=en&satid=48274&mjd=61182.515446378&type=V,61182.515446378,2026-05-22,evening,48,15,45,48,17.99,3.39,8
48274,CSS (TIANHE),0.0,332,2026-05-23T11:19:53,10.0,WNW,2026-05-23T11:22:39,26.0,NNW,2026-05-23T11:25:26,10.0,NE,True,passdetails.aspx?lat=33.598889&lng=130.211667&loc=Unspecified&alt=73&tz=UCT&cul=en&satid=48274&mjd=61183.4740727413&type=V,61183.4740727413,2026-05-23,evening,56,58,38,56,20.0,1.59,9
48274,CSS (TIANHE),0.7,110,2026-05-23T12:57:42,10.0,NW,2026-05-23T12:59:33,19.0,NNW,2026-05-23T12:59:33,19.0,NNW,True,passdetails.aspx?lat=33.598889&lng=130.211667&loc=Unspecified&alt=73&tz=UCT&cul=en&satid=48274&mjd=61183.5413638632&type=V,61183.5413638632,2026-05-23,evening,57,55,43,57,19.53,1.5,9
48274,CSS (TIANHE),0.5,289,2026-05-24T11:58:05,10.0,NW,2026-05-24T12:00:29,19.0,N,2026-05-24T12:02:54,10.0,NE,True,passdetails.aspx?lat=33.598889&lng=130.211667&loc=Unspecified&alt=73&tz=UCT&cul=en&satid=48274&mjd=61184.5003393791&type=V,61184.5003393791,2026-05-24,evening,35,100,20,35,20.32,1.7,6
48274,CSS (TIANHE),1.5,1,2026-05-24T13:35:08,10.0,NW,2026-05-24T13:35:10,10.0,NW,2026-05-24T13:35:10,10.0,NW,True,passdetails.aspx?lat=33.598889&lng=130.211667&loc=Unspecified&alt=73&tz=UCT&cul=en&satid=48274&mjd=61184.5660958415&type=V,61184.5660958415,2026-05-24,evening,46,70,36,46,19.26,1.32,9
48274,CSS (TIANHE),0.3,304,2026-05-25T10:58:17,10.0,WNW,2026-05-25T11:00:49,21.0,N,2026-05-25T11:03:22,10.0,NE,True,passdetails.aspx?lat=33.598889&lng=130.211667&loc=Unspecified&alt=73&tz=UCT&cul=en&satid=48274&mjd=61185.4589108886&type=V,61185.4589108886,2026-05-25,evening,33,2,1,33,23.32,1.21,4
48274,CSS (TIANHE),0.1,160,2026-05-25T12:35:45,10.0,NW,2026-05-25T12:38:20,22.0,N,2026-05-25T12:38:26,22.0,NNE,True,passdetails.aspx?lat=33.598889&lng=130.211667&loc=Unspecified&alt=73&tz=UCT&cul=en&satid=48274&mjd=61185.5266257516&type=V,61185.5266257516,2026-05-25,evening,54,0,5,54,21.58,0.72,7
48274,CSS (TIANHE),0.3,290,2026-05-26T11:36:14,10.0,NW,2026-05-26T11:38:39,19.0,N,2026-05-26T11:41:04,10.0,NE,True,passdetails.aspx?lat=33.598889&lng=130.211667&loc=Unspecified&alt=73&tz=UCT&cul=en&satid=48274&mjd=61186.4851800085&type=V,61186.4851800085,2026-05-26,evening,100,100,100,80,23.46,3.15,33
48274,CSS (TIANHE),0.9,53,2026-05-26T13:12:57,10.0,NW,2026-05-26T13:13:51,17.0,NW,2026-05-26T13:13:51,17.0,NW,True,passdetails.aspx?lat=33.598889&lng=130.211667&loc=Unspecified&alt=73&tz=UCT&cul=en&satid=48274&mjd=61186.5512889367&type=V,61186.5512889367,2026-05-26,evening,90,100,90,80,23.29,3.73,22
48274,CSS (TIANHE),-0.5,204,2026-05-27T12:13:35,10.0,NW,2026-05-27T12:16:24,28.0,NNE,2026-05-27T12:16:59,26.0,NE,True,passdetails.aspx?lat=33.598889&lng=130.211667&loc=Unspecified&alt=73&tz=UCT&cul=en&satid=48274&mjd=61187.5113918205&type=V,61187.5113918205,2026-05-27,evening,88,0,1,88,21.52,2.49,22
48274,CSS (TIANHE),0.0,310,2026-05-28T11:14:08,10.0,NW,2026-05-28T11:16:43,22.0,N,2026-05-28T11:19:18,10.0,ENE,True,passdetails.aspx?lat=33.598889&lng=130.211667&loc=Unspecified&alt=73&tz=UCT&cul=en&satid=48274&mjd=61188.4699428955&type=V,61188.4699428955,2026-05-28,evening,0,0,0,0,20.37,1.43,1
48274,CSS (TIANHE),0.1,95,2026-05-28T12:50:43,10.0,WNW,2026-05-28T12:52:19,26.0,NW,2026-05-28T12:52:19,26.0,NW,True,passdetails.aspx?lat=33.598889&lng=130.211667&loc=Unspecified&alt=73&tz=UCT&cul=en&satid=48274&mjd=61188.536331068&type=V,61188.536331068,2026-05-28,evening,3,10,0,0,19.72,1.11,2
48274,CSS (TIANHE),-1.2,247,2026-05-29T11:51:16,10.0,NW,2026-05-29T11:54:19,41.0,NNE,2026-05-29T11:55:24,29.0,ENE,True,passdetails.aspx?lat=33.598889&lng=130.211667&loc=Unspecified&alt=73&tz=UCT&cul=en&satid=48274&mjd=61189.4960566131&type=V,61189.4960566131,2026-05-29,evening,0,0,0,0,21.75,1.2,1
48274,CSS (TIANHE),-0.5,339,2026-05-30T10:51:49,10.0,NW,2026-05-30T10:54:38,28.0,NNE,2026-05-30T10:57:28,10.0,ENE,True,passdetails.aspx?lat=33.598889&lng=130.211667&loc=Unspecified&alt=73&tz=UCT&cul=en&satid=48274&mjd=61190.4546171863&type=V,61190.4546171863,2026-05-30,evening,30,100,0,0,23.21,1.3,3
48274,CSS (TIANHE),-0.9,132,2026-05-30T12:28:29,10.0,WNW,2026-05-30T12:30:42,39.0,W,2026-05-30T12:30:42,39.0,W,True,passdetails.aspx?lat=33.598889&lng=130.211667&loc=Unspecified&alt=73&tz=UCT&cul=en&satid=48274&mjd=61190.5213284497&type=V,61190.5213284497,2026-05-30,evening,30,100,0,0,21.43,1.15,3
53807,BLUEWALKER-3,2.0,403,2026-05-21T11:28:27,10.0,SSW,2026-05-21T11:31:49,43.0,SE,2026-05-21T11:35:11,10.0,ENE,True,passdetails.aspx?lat=33.598889&lng=130.211667&loc=Unspecified&alt=73&tz=UCT&cul=en&satid=53807&mjd=61181.4804313431&type=V,61181.4804313431,2026-05-21,evening,97,75,0,97,18.56,1.97,22
53807,BLUEWALKER-3,4.6,297,2026-05-21T13:06:52,10.0,W,2026-05-21T13:09:21,18.0,NW,2026-05-21T13:11:50,10.0,N,True,passdetails.aspx?lat=33.598889&lng=130.211667&loc=Unspecified&alt=73&tz=UCT&cul=en&satid=53807&mjd=61181.5481611356&type=V,61181.5481611356,2026-05-21,evening,93,68,0,93,17.8,1.8,22
53807,BLUEWALKER-3,2.1,422,2026-05-21T19:40:55,10.0,NW,2026-05-21T19:44:26,70.0,NE,2026-05-21T19:47:58,10.0,SE,True,passdetails.aspx?lat=33.598889&lng=130.211667&loc=Unspecified&alt=73&tz=UCT&cul=en&satid=53807&mjd=61181.8225341754&type=V,61181.8225341754,2026-05-22,morning,74,53,21,74,16.95,1.51,9
53807,BLUEWALKER-3,2.5,373,2026-05-22T10:51:56,10.0,S,2026-05-22T10:55:02,29.0,SE,2026-05-22T10:58:09,10.0,ENE,True,passdetails.aspx?lat=33.598889&lng=130.211667&loc=Unspecified&alt=73&tz=UCT&cul=en&satid=53807&mjd=61182.4548954564&type=V,61182.4548954564,2026-05-22,evening,54,5,12,54,18.88,4.31,7
53807,BLUEWALKER-3,4.2,346,2026-05-22T12:29:31,10.0,W,2026-05-22T12:32:24,23.0,NW,2026-05-22T12:35:18,10.0,NNE,True,passdetails.aspx?lat=33.598889&lng=130.211667&loc=Unspecified&alt=73&tz=UCT&cul=en&satid=53807&mjd=61182.5225085316&type=V,61182.5225085316,2026-05-22,evening,48,15,45,48,17.99,3.39,8
53807,BLUEWALKER-3,2.8,412,2026-05-22T19:04:09,10.0,NNW,2026-05-22T19:07:35,47.0,NE,2026-05-22T19:11:01,10.0,ESE,True,passdetails.aspx?lat=33.598889&lng=130.211667&loc=Unspecified&alt=73&tz=UCT&cul=en&satid=53807&mjd=61182.7969412418&type=V,61182.7969412418,2026-05-23,morning,46,45,0,46,17.59,1.19,8
53807,BLUEWALKER-3,3.7,381,2026-05-23T11:52:19,10.0,WSW,2026-05-23T11:55:30,31.0,NW,2026-05-23T11:58:41,10.0,NNE,True,passdetails.aspx?lat=33.598889&lng=130.211667&loc=Unspecified&alt=73&tz=UCT&cul=en&satid=53807&mjd=61183.4968858266&type=V,61183.4968858266,2026-05-23,evening,56,58,38,56,20.0,1.59,9
53807,BLUEWALKER-3,3.5,390,2026-05-23T18:27:27,10.0,NNW,2026-05-23T18:30:43,34.0,NE,2026-05-23T18:33:57,10.0,ESE,True,passdetails.aspx?lat=33.598889&lng=130.211667&loc=Unspecified&alt=73&tz=UCT&cul=en&satid=53807&mjd=61183.7713337523&type=V,61183.7713337523,2026-05-24,morning,67,10,36,67,17.76,1.38,17
53807,BLUEWALKER-3,3.1,406,2026-05-24T11:15:13,10.0,WSW,2026-05-24T11:18:36,43.0,NW,2026-05-24T11:22:00,10.0,NNE,True,passdetails.aspx?lat=33.598889&lng=130.211667&loc=Unspecified&alt=73&tz=UCT&cul=en&satid=53807&mjd=61184.4712593952&type=V,61184.4712593952,2026-05-24,evening,35,100,20,35,20.32,1.7,6
53807,BLUEWALKER-3,4.0,358,2026-05-24T17:50:49,10.0,NNW,2026-05-24T17:53:48,25.0,NE,2026-05-24T17:56:47,10.0,E,True,passdetails.aspx?lat=33.598889&lng=130.211667&loc=Unspecified&alt=73&tz=UCT&cul=en&satid=53807&mjd=61184.7456955918&type=V,61184.7456955918,2026-05-25,morning,98,0,16,98,17.79,1.01,16
53807,BLUEWALKER-3,2.7,359,2026-05-24T19:28:08,10.0,WNW,2026-05-24T19:31:07,26.0,SW,2026-05-24T19:34:07,10.0,S,True,passdetails.aspx?lat=33.598889&lng=130.211667&loc=Unspecified&alt=73&tz=UCT&cul=en&satid=53807&mjd=61184.8132860844&type=V,61184.8132860844,2026-05-25,morning,98,0,9,98,18.2,1.04,16
53807,BLUEWALKER-3,4.5,312,2026-05-25T17:14:15,10.0,NNW,2026-05-25T17:16:51,19.0,NE,2026-05-25T17:19:28,10.0,E,True,passdetails.aspx?lat=33.598889&lng=130.211667&loc=Unspecified&alt=73&tz=UCT&cul=en&satid=53807&mjd=61185.7200441573&type=V,61185.7200441573,2026-05-26,morning,44,0,44,34,19.39,0.99,7
53807,BLUEWALKER-3,2.1,395,2026-05-25T18:51:02,10.0,WNW,2026-05-25T18:54:20,38.0,SW,2026-05-25T18:57:38,10.0,SSE,True,passdetails.aspx?lat=33.598889&lng=130.211667&loc=Unspecified&alt=73&tz=UCT&cul=en&satid=53807&mjd=61185.7877374307&type=V,61185.7877374307,2026-05-26,morning,64,0,64,39,19.49,1.14,7
53807,BLUEWALKER-3,5.1,162,2026-05-26T11:41:21,10.0,NW,2026-05-26T11:42:42,12.0,NNW,2026-05-26T11:44:03,10.0,N,True,passdetails.aspx?lat=33.598889&lng=130.211667&loc=Unspecified&alt=73&tz=UCT&cul=en&satid=53807&mjd=61186.4879907802&type=V,61186.4879907802,2026-05-26,evening,100,100,100,80,23.46,3.15,33
53807,BLUEWALKER-3,4.9,62,2026-05-26T16:37:47,10.0,N,2026-05-26T16:38:49,13.0,NNE,2026-05-26T16:38:49,13.0,NNE,True,passdetails.aspx?lat=33.598889&lng=130.211667&loc=Unspecified&alt=73&tz=UCT&cul=en&satid=53807&mjd=61186.693629057&type=V,61186.693629057,2026-05-27,morning,82,100,82,82,23.07,3.45,23
53807,BLUEWALKER-3,4.9,252,2026-05-27T11:03:35,10.0,WNW,2026-05-27T11:05:41,15.0,NNW,2026-05-27T11:07:48,10.0,N,True,passdetails.aspx?lat=33.598889&lng=130.211667&loc=Unspecified&alt=73&tz=UCT&cul=en&satid=53807&mjd=61187.4622830362&type=V,61187.4622830362,2026-05-27,evening,87,0,1,87,21.66,2.66,19
59588,ACS3,2.5,251,2026-05-21T15:54:10,10.0,NNE,2026-05-21T15:58:21,48.0,NNE,2026-05-21T15:58:21,48.0,NNE,True,passdetails.aspx?lat=33.598889&lng=130.211667&loc=Unspecified&alt=73&tz=UCT&cul=en&satid=59588&mjd=61181.6655303683&type=V,61181.6655303683,2026-05-22,morning,92,46,0,92,17.31,2.05,22
59588,ACS3,3.7,154,2026-05-21T17:39:14,10.0,NW,2026-05-21T17:41:37,13.0,WNW,2026-05-21T17:41:49,13.0,WNW,True,passdetails.aspx?lat=33.598889&lng=130.211667&loc=Unspecified&alt=73&tz=UCT&cul=en&satid=59588&mjd=61181.7372410834&type=V,61181.7372410834,2026-05-22,morning,86,69,0,86,16.81,1.81,21
59588,ACS3,2.3,260,2026-05-22T16:02:32,10.0,N,2026-05-22T16:06:53,52.0,N,2026-05-22T16:06:53,52.0,N,True,passdetails.aspx?lat=33.598889&lng=130.211667&loc=Unspecified&alt=73&tz=UCT&cul=en&satid=59588&mjd=61182.6714561254&type=V,61182.6714561254,2026-05-23,morning,61,2,39,61,17.42,1.72,7
59588,ACS3,3.9,31,2026-05-22T17:49:35,10.0,WNW,2026-05-22T17:49:51,10.0,WNW,2026-05-22T17:50:07,10.0,WNW,True,passdetails.aspx?lat=33.598889&lng=130.211667&loc=Unspecified&alt=73&tz=UCT&cul=en&satid=59588&mjd=61182.7429546816&type=V,61182.7429546816,2026-05-23,morning,59,8,32,59,17.35,1.53,7
59588,ACS3,4.1,26,2026-05-23T14:31:30,10.0,ENE,2026-05-23T14:31:57,11.0,ENE,2026-05-23T14:31:57,11.0,ENE,True,passdetails.aspx?lat=33.598889&lng=130.211667&loc=Unspecified&alt=73&tz=UCT&cul=en&satid=59588&mjd=61183.6055281102&type=V,61183.6055281102,2026-05-23,evening,54,27,39,54,18.74,1.34,8
59588,ACS3,2.3,269,2026-05-23T16:10:56,10.0,N,2026-05-23T16:15:25,52.0,NNW,2026-05-23T16:15:25,52.0,NNW,True,passdetails.aspx?lat=33.598889&lng=130.211667&loc=Unspecified&alt=73&tz=UCT&cul=en&satid=59588&mjd=61183.6773799532&type=V,61183.6773799532,2026-05-24,morning,63,9,63,62,18.02,1.39,7
59588,ACS3,3.9,88,2026-05-24T14:39:01,10.0,NE,2026-05-24T14:40:29,14.0,ENE,2026-05-24T14:40:29,14.0,ENE,True,passdetails.aspx?lat=33.598889&lng=130.211667&loc=Unspecified&alt=73&tz=UCT&cul=en&satid=59588&mjd=61184.6114496527&type=V,61184.6114496527,2026-05-24,evening,57,29,39,57,18.77,1.16,8
59588,ACS3,2.3,274,2026-05-24T16:19:22,10.0,N,2026-05-24T16:23:57,49.0,NNW,2026-05-24T16:23:57,49.0,NNW,True,passdetails.aspx?lat=33.598889&lng=130.211667&loc=Unspecified&alt=73&tz=UCT&cul=en&satid=59588&mjd=61184.6833011112&type=V,61184.6833011112,2026-05-25,morning,69,0,30,69,18.02,0.98,7
59588,ACS3,3.7,132,2026-05-25T14:46:48,10.0,NE,2026-05-25T14:49:00,17.0,ENE,2026-05-25T14:49:00,17.0,ENE,True,passdetails.aspx?lat=33.598889&lng=130.211667&loc=Unspecified&alt=73&tz=UCT&cul=en&satid=59588&mjd=61185.6173689196&type=V,61185.6173689196,2026-05-25,evening,44,0,0,44,20.34,0.75,7
59588,ACS3,2.5,277,2026-05-25T16:27:51,10.0,N,2026-05-25T16:32:28,44.0,NW,2026-05-25T16:32:28,44.0,NW,True,passdetails.aspx?lat=33.598889&lng=130.211667&loc=Unspecified&alt=73&tz=UCT&cul=en&satid=59588&mjd=61185.6892198633&type=V,61185.6892198633,2026-05-26,morning,35,0,20,35,19.56,0.89,4
59588,ACS3,3.5,165,2026-05-26T14:54:46,10.0,NE,2026-05-26T14:57:31,21.0,ENE,2026-05-26T14:57:31,21.0,ENE,True,passdetails.aspx?lat=33.598889&lng=130.211667&loc=Unspecified&alt=73&tz=UCT&cul=en&satid=59588&mjd=61186.623285395&type=V,61186.623285395,2026-05-26,evening,81,100,81,81,23.25,3.58,33
59588,ACS3,2.6,277,2026-05-26T16:36:21,10.0,N,2026-05-26T16:40:59,38.0,NW,2026-05-26T16:40:59,38.0,NW,True,passdetails.aspx?lat=33.598889&lng=130.211667&loc=Unspecified&alt=73&tz=UCT&cul=en&satid=59588&mjd=61186.6951363772&type=V,61186.6951363772,2026-05-27,morning,82,100,82,82,23.07,3.45,23
59588,ACS3,3.3,192,2026-05-27T15:02:49,10.0,NE,2026-05-27T15:06:02,25.0,ENE,2026-05-27T15:06:02,25.0,ENE,True,passdetails.aspx?lat=33.598889&lng=130.211667&loc=Unspecified&alt=73&tz=UCT&cul=en&satid=59588&mjd=61187.6291995832&type=V,61187.6291995832,2026-05-28,evening,72,0,0,72,20.99,2.47,31
59588,ACS3,2.8,274,2026-05-27T16:44:55,10.0,N,2026-05-27T16:49:30,33.0,WNW,2026-05-27T16:49:30,33.0,WNW,True,passdetails.aspx?lat=33.598889&lng=130.211667&loc=Unspecified&alt=73&tz=UCT&cul=en&satid=59588&mjd=61187.7010504786&type=V,61187.7010504786,2026-05-28,morning,73,0,0,73,20.75,2.51,7
59588,ACS3,3.1,217,2026-05-28T15:10:56,10.0,NNE,2026-05-28T15:14:33,30.0,ENE,2026-05-28T15:14:33,30.0,ENE,True,passdetails.aspx?lat=33.598889&lng=130.211667&loc=Unspecified&alt=73&tz=UCT&cul=en&satid=59588&mjd=61188.6351116678&type=V,61188.6351116678,2026-05-29,evening,3,10,0,0,18.23,0.87,2
59588,ACS3,3.0,270,2026-05-28T16:53:31,10.0,NNW,2026-05-28T16:58:01,28.0,WNW,2026-05-28T16:58:01,28.0,WNW,True,passdetails.aspx?lat=33.598889&lng=130.211667&loc=Unspecified&alt=73&tz=UCT&cul=en&satid=59588&mjd=61188.7069621523&type=V,61188.7069621523,2026-05-29,morning,3,10,0,0,17.86,0.81,2
59588,ACS3,2.9,236,2026-05-29T15:19:08,10.0,NNE,2026-05-29T15:23:04,35.0,ENE,2026-05-29T15:23:04,35.0,ENE,True,passdetails.aspx?lat=33.598889&lng=130.211667&loc=Unspecified&alt=73&tz=UCT&cul=en&satid=59588&mjd=61189.6410207251&type=V,61189.6410207251,2026-05-30,morning,23,78,0,0,19.19,0.18,3
59588,ACS3,3.2,261,2026-05-29T17:02:11,10.0,NNW,2026-05-29T17:06:32,23.0,WNW,2026-05-29T17:06:32,23.0,WNW,True,passdetails.aspx?lat=33.598889&lng=130.211667&loc=Unspecified&alt=73&tz=UCT&cul=en&satid=59588&mjd=61189.712871318&type=V,61189.712871318,2026-05-30,morning,30,100,0,0,18.67,0.36,3
59588,ACS3,2.6,252,2026-05-30T15:27:21,10.0,NNE,2026-05-30T15:31:34,42.0,NE,2026-05-30T15:31:34,42.0,NE,True,passdetails.aspx?lat=33.598889&lng=130.211667&loc=Unspecified&alt=73&tz=UCT&cul=en&satid=59588&mjd=61190.6469277541&type=V,61190.6469277541,2026-05-31,morning,17,56,0,0,19.62,0.53,3
59588,ACS3,3.4,246,2026-05-30T17:10:56,10.0,NNW,2026-05-30T17:14:58,19.0,WNW,2026-05-30T17:15:02,19.0,WNW,True,passdetails.aspx?lat=33.598889&lng=130.211667&loc=Unspecified&alt=73&tz=UCT&cul=en&satid=59588&mjd=61190.7187338092&type=V,61190.7187338092,2026-05-31,morning,0,0,0,0,19.03,0.41,1
60235,OBJECT A,5.6,119,2026-05-27T19:05:49,10.0,SE,2026-05-27T19:06:49,11.0,ESE,2026-05-27T19:07:48,10.0,E,True,passdetails.aspx?lat=33.598889&lng=130.211667&loc=Unspecified&alt=73&tz=UCT&cul=en&satid=60235&mjd=61187.7964023878&type=V,61187.7964023878,2026-05-28,morning,81,0,0,81,20.41,2.55,19
60235,OBJECT A,5.2,328,2026-05-28T19:03:21,10.0,SSE,2026-05-28T19:06:06,17.0,ESE,2026-05-28T19:08:50,10.0,ENE,True,passdetails.aspx?lat=33.598889&lng=130.211667&loc=Unspecified&alt=73&tz=UCT&cul=en&satid=60235&mjd=61188.7959076859&type=V,61188.7959076859,2026-05-29,morning,10,0,0,10,18.87,0.78,4
60235,OBJECT A,4.5,420,2026-05-29T19:01:54,10.0,S,2026-05-29T19:05:25,26.0,ESE,2026-05-29T19:08:54,10.0,ENE,True,passdetails.aspx?lat=33.598889&lng=130.211667&loc=Unspecified&alt=73&tz=UCT&cul=en&satid=60235&mjd=61189.7954385667&type=V,61189.7954385667,2026-05-30,morning,30,100,0,0,19.8,0.61,3
60235,OBJECT A,3.8,469,2026-05-30T19:00:52,10.0,S,2026-05-30T19:04:46,40.0,ESE,2026-05-30T19:08:41,10.0,NE,True,passdetails.aspx?lat=33.598889&lng=130.211667&loc=Unspecified&alt=73&tz=UCT&cul=en&satid=60235&mjd=61190.7949862209&type=V,61190.7949862209,2026-05-31,morning,0,0,0,0,20.05,0.4,1
67073,RAISE-4,,315,2026-05-21T17:57:06,27.0,SE,2026-05-21T17:58:41,41.0,ENE,2026-05-21T18:02:21,10.0,N,True,passdetails.aspx?lat=33.598889&lng=130.211667&loc=Unspecified&alt=73&tz=UCT&cul=en&satid=67073&mjd=61181.749096006&type=V,61181.749096006,2026-05-22,morning,86,69,0,86,16.81,1.81,21
67073,RAISE-4,,86,2026-05-21T19:32:39,10.0,WSW,2026-05-21T19:33:22,10.0,W,2026-05-21T19:34:05,10.0,W,True,passdetails.aspx?lat=33.598889&lng=130.211667&loc=Unspecified&alt=73&tz=UCT&cul=en&satid=67073&mjd=61181.8148431632&type=V,61181.8148431632,2026-05-22,morning,74,53,21,74,16.95,1.51,9
67073,RAISE-4,,313,2026-05-22T17:49:34,22.0,ESE,2026-05-22T17:51:19,33.0,ENE,2026-05-22T17:54:48,10.0,N,True,passdetails.aspx?lat=33.598889&lng=130.211667&loc=Unspecified&alt=73&tz=UCT&cul=en&satid=67073&mjd=61182.7439721053&type=V,61182.7439721053,2026-05-23,morning,59,8,32,59,17.35,1.53,7
67073,RAISE-4,,164,2026-05-22T19:25:03,12.0,WSW,2026-05-22T19:25:54,13.0,W,2026-05-22T19:27:47,10.0,WNW,True,passdetails.aspx?lat=33.598889&lng=130.211667&loc=Unspecified&alt=73&tz=UCT&cul=en&satid=67073&mjd=61182.8096584101&type=V,61182.8096584101,2026-05-23,morning,46,45,0,46,17.59,1.19,8
67073,RAISE-4,,312,2026-05-23T17:42:01,18.0,ESE,2026-05-23T17:43:56,26.0,ENE,2026-05-23T17:47:13,10.0,NNE,True,passdetails.aspx?lat=33.598889&lng=130.211667&loc=Unspecified&alt=73&tz=UCT&cul=en&satid=67073&mjd=61183.7388445844&type=V,61183.7388445844,2026-05-24,morning,70,7,55,70,17.75,1.35,16
67073,RAISE-4,,205,2026-05-23T19:17:30,15.0,WSW,2026-05-23T19:18:26,16.0,W,2026-05-23T19:20:55,10.0,NW,True,passdetails.aspx?lat=33.598889&lng=130.211667&loc=Unspecified&alt=73&tz=UCT&cul=en&satid=67073&mjd=61183.8044732743&type=V,61183.8044732743,2026-05-24,morning,72,21,30,72,18.24,1.45,17
67073,RAISE-4,,305,2026-05-24T17:34:28,14.0,ESE,2026-05-24T17:36:34,22.0,ENE,2026-05-24T17:39:33,10.0,NNE,True,passdetails.aspx?lat=33.598889&lng=130.211667&loc=Unspecified&alt=73&tz=UCT&cul=en&satid=67073&mjd=61184.7337292215&type=V,61184.7337292215,2026-05-25,morning,98,0,16,98,17.79,1.01,16
67073,RAISE-4,,235,2026-05-24T19:09:57,18.0,WSW,2026-05-24T19:10:58,20.0,W,2026-05-24T19:13:53,10.0,NW,True,passdetails.aspx?lat=33.598889&lng=130.211667&loc=Unspecified&alt=73&tz=UCT&cul=en&satid=67073&mjd=61184.7992899774&type=V,61184.7992899774,2026-05-25,morning,98,0,9,98,18.2,1.04,16
67073,RAISE-4,,294,2026-05-25T17:26:54,11.0,ESE,2026-05-25T17:29:11,18.0,ENE,2026-05-25T17:31:48,10.0,NNE,True,passdetails.aspx?lat=33.598889&lng=130.211667&loc=Unspecified&alt=73&tz=UCT&cul=en&satid=67073&mjd=61185.7286107872&type=V,61185.7286107872,2026-05-26,morning,44,0,44,34,19.39,0.99,7
67073,RAISE-4,,259,2026-05-25T19:02:24,22.0,WSW,2026-05-25T19:03:30,25.0,W,2026-05-25T19:06:44,10.0,NW,True,passdetails.aspx?lat=33.598889&lng=130.211667&loc=Unspecified&alt=73&tz=UCT&cul=en&satid=67073&mjd=61185.7941070745&type=V,61185.7941070745,2026-05-26,morning,75,27,75,54,20.05,1.26,20
67073,RAISE-4,,255,2026-05-26T17:19:42,10.0,ESE,2026-05-26T17:21:49,14.0,ENE,2026-05-26T17:23:57,10.0,NE,True,passdetails.aspx?lat=33.598889&lng=130.211667&loc=Unspecified&alt=73&tz=UCT&cul=en&satid=67073&mjd=61186.7234913394&type=V,61186.7234913394,2026-05-27,morning,92,100,92,81,22.93,3.38,33
67073,RAISE-4,,279,2026-05-26T18:54:51,25.0,SW,2026-05-26T18:56:03,31.0,W,2026-05-26T18:59:30,10.0,NW,True,passdetails.aspx?lat=33.598889&lng=130.211667&loc=Unspecified&alt=73&tz=UCT&cul=en&satid=67073&mjd=61186.7889257074&type=V,61186.7889257074,2026-05-27,morning,99,90,99,82,22.86,3.37,22
67073,RAISE-4,,164,2026-05-27T17:13:05,10.0,E,2026-05-27T17:14:27,12.0,ENE,2026-05-27T17:15:49,10.0,NE,True,passdetails.aspx?lat=33.598889&lng=130.211667&loc=Unspecified&alt=73&tz=UCT&cul=en&satid=67073&mjd=61187.7183702411&type=V,61187.7183702411,2026-05-28,morning,76,0,0,76,20.55,2.55,19
67073,RAISE-4,,297,2026-05-27T18:47:17,29.0,SW,2026-05-27T18:48:35,39.0,W,2026-05-27T18:52:14,10.0,NNW,True,passdetails.aspx?lat=33.598889&lng=130.211667&loc=Unspecified&alt=73&tz=UCT&cul=en&satid=67073&mjd=61187.7837454049&type=V,61187.7837454049,2026-05-28,morning,79,0,0,79,20.4,2.61,19
67073,RAISE-4,,309,2026-05-28T18:39:44,32.0,SSW,2026-05-28T18:41:08,49.0,W,2026-05-28T18:44:53,10.0,NNW,True,passdetails.aspx?lat=33.598889&lng=130.211667&loc=Unspecified&alt=73&tz=UCT&cul=en&satid=67073&mjd=61188.778565493&type=V,61188.778565493,2026-05-29,morning,10,0,0,10,17.94,0.81,4
67073,RAISE-4,,321,2026-05-29T18:32:10,34.0,S,2026-05-29T18:33:40,63.0,WSW,2026-05-29T18:37:31,10.0,NNW,True,passdetails.aspx?lat=33.598889&lng=130.211667&loc=Unspecified&alt=73&tz=UCT&cul=en&satid=67073&mjd=61189.7733820005&type=V,61189.7733820005,2026-05-30,morning,30,100,0,0,18.94,0.51,3
67073,RAISE-4,,328,2026-05-30T18:24:36,34.0,S,2026-05-30T18:26:13,81.0,WSW,2026-05-30T18:30:05,10.0,NNW,True,passdetails.aspx?lat=33.598889&lng=130.211667&loc=Unspecified&alt=73&tz=UCT&cul=en&satid=67073&mjd=61190.7682097229&type=V,61190.7682097229,2026-05-31,morning,0,0,0,0,19.25,0.41,1
61047,SPACEMOBILE-001,,144,2026-05-21T12:56:13,10.0,NNW,2026-05-21T12:58:37,20.0,NNE,2026-05-21T12:58:37,20.0,NNE,True,passdetails.aspx?lat=33.598889&lng=130.211667&loc=Unspecified&alt=73&tz=UCT&cul=en&satid=61047&mjd=61181.5407153843&type=V,61181.5407153843,2026-05-21,evening,98,78,0,98,18.04,1.77,22
61047,SPACEMOBILE-001,,182,2026-05-22T12:35:48,10.0,NNW,2026-05-22T12:38:50,22.0,NE,2026-05-22T12:38:50,22.0,NE,True,passdetails.aspx?lat=33.598889&lng=130.211667&loc=Unspecified&alt=73&tz=UCT&cul=en&satid=61047&mjd=61182.5269717646&type=V,61182.5269717646,2026-05-22,evening,48,15,45,48,17.99,3.39,8
61047,SPACEMOBILE-001,,221,2026-05-23T12:15:23,10.0,NNW,2026-05-23T12:18:28,22.0,NE,2026-05-23T12:19:05,21.0,NE,True,passdetails.aspx?lat=33.598889&lng=130.211667&loc=Unspecified&alt=73&tz=UCT&cul=en&satid=61047&mjd=61183.5128269392&type=V,61183.5128269392,2026-05-23,evening,57,55,43,57,19.53,1.5,9
61047,SPACEMOBILE-001,,17,2026-05-23T13:53:29,10.0,WNW,2026-05-23T13:53:47,12.0,WNW,2026-05-23T13:53:47,12.0,WNW,True,passdetails.aspx?lat=33.598889&lng=130.211667&loc=Unspecified&alt=73&tz=UCT&cul=en&satid=61047&mjd=61183.5790164576&type=V,61183.5790164576,2026-05-23,evening,56,43,43,56,19.14,1.35,8
61047,SPACEMOBILE-001,,264,2026-05-24T11:54:58,10.0,NNW,2026-05-24T11:58:05,23.0,NE,2026-05-24T11:59:23,19.0,ENE,True,passdetails.aspx?lat=33.598889&lng=130.211667&loc=Unspecified&alt=73&tz=UCT&cul=en&satid=61047&mjd=61184.4986763129&type=V,61184.4986763129,2026-05-24,evening,35,100,20,35,20.32,1.7,6
61047,SPACEMOBILE-001,,56,2026-05-24T13:33:07,10.0,WNW,2026-05-24T13:34:04,16.0,WNW,2026-05-24T13:34:04,16.0,WNW,True,passdetails.aspx?lat=33.598889&lng=130.211667&loc=Unspecified&alt=73&tz=UCT&cul=en&satid=61047&mjd=61184.5653347629&type=V,61184.5653347629,2026-05-24,evening,46,70,36,46,19.26,1.32,9
61047,SPACEMOBILE-001,,310,2026-05-25T11:34:33,10.0,NNW,2026-05-25T11:37:42,23.0,NE,2026-05-25T11:39:44,16.0,ENE,True,passdetails.aspx?lat=33.598889&lng=130.211667&loc=Unspecified&alt=73&tz=UCT&cul=en&satid=61047&mjd=61185.4845160561&type=V,61185.4845160561,2026-05-25,evening,46,0,4,46,22.4,0.91,7
61047,SPACEMOBILE-001,,100,2026-05-25T13:12:44,10.0,WNW,2026-05-25T13:14:25,22.0,WNW,2026-05-25T13:14:25,22.0,WNW,True,passdetails.aspx?lat=33.598889&lng=130.211667&loc=Unspecified&alt=73&tz=UCT&cul=en&satid=61047&mjd=61185.5516849628&type=V,61185.5516849628,2026-05-25,evening,52,0,3,52,20.9,0.68,7
61047,SPACEMOBILE-001,,359,2026-05-26T11:14:08,10.0,NNW,2026-05-26T11:17:18,24.0,NE,2026-05-26T11:20:07,12.0,E,True,passdetails.aspx?lat=33.598889&lng=130.211667&loc=Unspecified&alt=73&tz=UCT&cul=en&satid=61047&mjd=61186.4703571378&type=V,61186.4703571378,2026-05-26,evening,100,100,100,80,23.46,3.15,33
61047,SPACEMOBILE-001,,147,2026-05-26T12:52:22,10.0,WNW,2026-05-26T12:54:49,28.0,W,2026-05-26T12:54:49,28.0,W,True,passdetails.aspx?lat=33.598889&lng=130.211667&loc=Unspecified&alt=73&tz=UCT&cul=en&satid=61047&mjd=61186.5380704402&type=V,61186.5380704402,2026-05-26,evening,98,100,98,79,23.33,3.16,33
61047,SPACEMOBILE-001,,385,2026-05-27T10:53:42,10.0,NNW,2026-05-27T10:56:55,25.0,NE,2026-05-27T11:00:08,10.0,E,True,passdetails.aspx?lat=33.598889&lng=130.211667&loc=Unspecified&alt=73&tz=UCT&cul=en&satid=61047&mjd=61187.4561986885&type=V,61187.4561986885,2026-05-27,evening,84,0,0,84,21.93,2.99,19
61047,SPACEMOBILE-001,,197,2026-05-27T12:31:59,10.0,WNW,2026-05-27T12:35:16,33.0,WSW,2026-05-27T12:35:16,33.0,WSW,True,passdetails.aspx?lat=33.598889&lng=130.211667&loc=Unspecified&alt=73&tz=UCT&cul=en&satid=61047&mjd=61187.5244940745&type=V,61187.5244940745,2026-05-27,evening,88,0,1,88,21.52,2.49,22
61047,SPACEMOBILE-001,,249,2026-05-28T12:11:37,10.0,WNW,2026-05-28T12:15:04,32.0,SW,2026-05-28T12:15:46,29.0,SSW,True,passdetails.aspx?lat=33.598889&lng=130.211667&loc=Unspecified&alt=73&tz=UCT&cul=en&satid=61047&mjd=61188.5104707476&type=V,61188.5104707476,2026-05-28,evening,3,10,0,0,19.72,1.11,2
61047,SPACEMOBILE-001,,307,2026-05-29T11:51:14,10.0,WNW,2026-05-29T11:54:39,30.0,SW,2026-05-29T11:56:21,21.0,S,True,passdetails.aspx?lat=33.598889&lng=130.211667&loc=Unspecified&alt=73&tz=UCT&cul=en&satid=61047&mjd=61189.4962863431&type=V,61189.4962863431,2026-05-29,evening,0,0,0,0,21.75,1.2,1
61047,SPACEMOBILE-001,,369,2026-05-30T11:30:51,10.0,WNW,2026-05-30T11:34:13,29.0,SW,2026-05-30T11:37:00,13.0,S,True,passdetails.aspx?lat=33.598889&lng=130.211667&loc=Unspecified&alt=73&tz=UCT&cul=en&satid=61047&mjd=61190.482105012&type=V,61190.482105012,2026-05-30,evening,30,100,0,0,22.23,1.26,3
61048,SPACEMOBILE-002,,166,2026-05-21T12:32:14,10.0,N,2026-05-21T12:34:25,14.0,NNE,2026-05-21T12:35:00,14.0,NE,True,passdetails.aspx?lat=33.598889&lng=130.211667&loc=Unspecified&alt=73&tz=UCT&cul=en&satid=61048&mjd=61181.5239023179&type=V,61181.5239023179,2026-05-21,evening,98,78,0,98,18.04,1.77,22
61048,SPACEMOBILE-002,,11,2026-05-21T14:09:30,10.0,NW,2026-05-21T14:09:41,11.0,NW,2026-05-21T14:09:41,11.0,NW,True,passdetails.aspx?lat=33.598889&lng=130.211667&loc=Unspecified&alt=73&tz=UCT&cul=en&satid=61048&mjd=61181.5900645012&type=V,61181.5900645012,2026-05-21,evening,91,54,0,91,17.55,1.98,22
61048,SPACEMOBILE-002,,204,2026-05-22T12:11:51,10.0,N,2026-05-22T12:14:05,15.0,NNE,2026-05-22T12:15:15,13.0,NE,True,passdetails.aspx?lat=33.598889&lng=130.211667&loc=Unspecified&alt=73&tz=UCT&cul=en&satid=61048&mjd=61182.5097821597&type=V,61182.5097821597,2026-05-22,evening,48,15,45,48,17.99,3.39,8
61048,SPACEMOBILE-002,,47,2026-05-22T13:49:09,10.0,NW,2026-05-22T13:49:56,15.0,NW,2026-05-22T13:49:56,15.0,NW,True,passdetails.aspx?lat=33.598889&lng=130.211667&loc=Unspecified&alt=73&tz=UCT&cul=en&satid=61048&mjd=61182.5763443251&type=V,61182.5763443251,2026-05-22,evening,47,11,27,47,17.78,2.89,8
61048,SPACEMOBILE-002,,244,2026-05-23T11:51:26,10.0,N,2026-05-23T11:53:43,15.0,NNE,2026-05-23T11:55:31,12.0,ENE,True,passdetails.aspx?lat=33.598889&lng=130.211667&loc=Unspecified&alt=73&tz=UCT&cul=en&satid=61048&mjd=61183.4956391068&type=V,61183.4956391068,2026-05-23,evening,56,58,38,56,20.0,1.59,9
61048,SPACEMOBILE-002,,85,2026-05-23T13:28:47,10.0,NW,2026-05-23T13:30:12,21.0,NW,2026-05-23T13:30:12,21.0,NW,True,passdetails.aspx?lat=33.598889&lng=130.211667&loc=Unspecified&alt=73&tz=UCT&cul=en&satid=61048&mjd=61183.5626457644&type=V,61183.5626457644,2026-05-23,evening,56,43,43,56,19.14,1.35,8
61048,SPACEMOBILE-002,,282,2026-05-24T11:31:00,10.0,N,2026-05-24T11:33:21,15.0,NNE,2026-05-24T11:35:42,10.0,ENE,True,passdetails.aspx?lat=33.598889&lng=130.211667&loc=Unspecified&alt=73&tz=UCT&cul=en&satid=61048&mjd=61184.4815037577&type=V,61184.4815037577,2026-05-24,evening,35,100,20,35,20.32,1.7,6
61048,SPACEMOBILE-002,,126,2026-05-24T13:08:24,10.0,NW,2026-05-24T13:10:31,30.0,NW,2026-05-24T13:10:31,30.0,NW,True,passdetails.aspx?lat=33.598889&lng=130.211667&loc=Unspecified&alt=73&tz=UCT&cul=en&satid=61048&mjd=61184.5489710758&type=V,61184.5489710758,2026-05-24,evening,46,70,36,46,19.26,1.32,9
61048,SPACEMOBILE-002,,289,2026-05-25T11:10:34,10.0,N,2026-05-25T11:12:59,16.0,NNE,2026-05-25T11:15:23,10.0,ENE,True,passdetails.aspx?lat=33.598889&lng=130.211667&loc=Unspecified&alt=73&tz=UCT&cul=en&satid=61048&mjd=61185.4673518727&type=V,61185.4673518727,2026-05-25,evening,46,0,4,46,22.4,0.91,7
61048,SPACEMOBILE-002,,170,2026-05-25T12:48:01,10.0,NW,2026-05-25T12:50:51,45.0,WNW,2026-05-25T12:50:51,45.0,WNW,True,passdetails.aspx?lat=33.598889&lng=130.211667&loc=Unspecified&alt=73&tz=UCT&cul=en&satid=61048&mjd=61185.5353227151&type=V,61185.5353227151,2026-05-25,evening,54,0,5,54,21.58,0.72,7
61048,SPACEMOBILE-002,,296,2026-05-26T10:50:08,10.0,N,2026-05-26T10:52:36,16.0,NNE,2026-05-26T10:55:04,10.0,ENE,True,passdetails.aspx?lat=33.598889&lng=130.211667&loc=Unspecified&alt=73&tz=UCT&cul=en&satid=61048&mjd=61186.4532004146&type=V,61186.4532004146,2026-05-26,evening,100,100,100,81,23.73,3.11,33
61048,SPACEMOBILE-002,,217,2026-05-26T12:27:37,10.0,NW,2026-05-26T12:31:15,63.0,WSW,2026-05-26T12:31:15,63.0,WSW,True,passdetails.aspx?lat=33.598889&lng=130.211667&loc=Unspecified&alt=73&tz=UCT&cul=en&satid=61048&mjd=61186.5217044664&type=V,61186.5217044664,2026-05-26,evening,98,100,98,79,23.33,3.16,33
61048,SPACEMOBILE-002,,266,2026-05-27T12:07:14,10.0,NW,2026-05-27T12:11:02,62.0,SW,2026-05-27T12:11:41,52.0,S,True,passdetails.aspx?lat=33.598889&lng=130.211667&loc=Unspecified&alt=73&tz=UCT&cul=en&satid=61048&mjd=61187.5076681287&type=V,61187.5076681287,2026-05-27,evening,88,0,1,88,21.52,2.49,22
61048,SPACEMOBILE-002,,321,2026-05-28T11:46:49,10.0,NW,2026-05-28T11:50:36,60.0,SW,2026-05-28T11:52:10,32.0,SSE,True,passdetails.aspx?lat=33.598889&lng=130.211667&loc=Unspecified&alt=73&tz=UCT&cul=en&satid=61048&mjd=61188.4934774423&type=V,61188.4934774423,2026-05-28,evening,0,0,0,0,20.37,1.43,1
61048,SPACEMOBILE-002,,380,2026-05-29T11:26:23,10.0,NW,2026-05-29T11:30:09,57.0,SW,2026-05-29T11:32:43,19.0,SSE,True,passdetails.aspx?lat=33.598889&lng=130.211667&loc=Unspecified&alt=73&tz=UCT&cul=en&satid=61048&mjd=61189.4792807972&type=V,61189.4792807972,2026-05-29,evening,0,0,0,0,21.75,1.2,1
61048,SPACEMOBILE-002,,443,2026-05-30T11:05:57,10.0,NW,2026-05-30T11:09:43,55.0,SW,2026-05-30T11:13:20,11.0,SSE,True,passdetails.aspx?lat=33.598889&lng=130.211667&loc=Unspecified&alt=73&tz=UCT&cul=en&satid=61048&mjd=61190.4650817503&type=V,61190.4650817503,2026-05-30,evening,30,100,0,0,22.23,1.26,3
61045,SPACEMOBILE-003,,109,2026-05-21T13:21:39,10.0,NNW,2026-05-21T13:23:28,22.0,N,2026-05-21T13:23:28,22.0,N,True,passdetails.aspx?lat=33.598889&lng=130.211667&loc=Unspecified&alt=73&tz=UCT&cul=en&satid=61045&mjd=61181.5579675604&type=V,61181.5579675604,2026-05-21,evening,93,68,0,93,17.8,1.8,22
61045,SPACEMOBILE-003,,144,2026-05-22T13:01:25,10.0,NNW,2026-05-22T13:03:49,28.0,N,2026-05-22T13:03:49,28.0,N,True,passdetails.aspx?lat=33.598889&lng=130.211667&loc=Unspecified&alt=73&tz=UCT&cul=en&satid=61045&mjd=61182.5443246171&type=V,61182.5443246171,2026-05-22,evening,47,11,27,47,17.78,2.89,8
61045,SPACEMOBILE-003,,182,2026-05-23T12:41:15,10.0,NNW,2026-05-23T12:44:18,33.0,NNE,2026-05-23T12:44:18,33.0,NNE,True,passdetails.aspx?lat=33.598889&lng=130.211667&loc=Unspecified&alt=73&tz=UCT&cul=en&satid=61045&mjd=61183.530773504&type=V,61183.530773504,2026-05-23,evening,57,55,43,57,19.53,1.5,9
61045,SPACEMOBILE-003,,224,2026-05-24T12:21:11,10.0,NNW,2026-05-24T12:24:46,36.0,NE,2026-05-24T12:24:56,36.0,NE,True,passdetails.aspx?lat=33.598889&lng=130.211667&loc=Unspecified&alt=73&tz=UCT&cul=en&satid=61045&mjd=61184.5172078198&type=V,61184.5172078198,2026-05-24,evening,38,100,30,38,19.75,1.41,6
61045,SPACEMOBILE-003,,268,2026-05-25T12:01:12,10.0,NNW,2026-05-25T12:04:50,38.0,NE,2026-05-25T12:05:41,33.0,ENE,True,passdetails.aspx?lat=33.598889&lng=130.211667&loc=Unspecified&alt=73&tz=UCT&cul=en&satid=61045&mjd=61185.5033583748&type=V,61185.5033583748,2026-05-25,evening,54,0,5,54,21.58,0.72,7
61045,SPACEMOBILE-003,,3,2026-05-25T13:40:21,10.0,WNW,2026-05-25T13:40:25,10.0,W,2026-05-25T13:40:25,10.0,W,True,passdetails.aspx?lat=33.598889&lng=130.211667&loc=Unspecified&alt=73&tz=UCT&cul=en&satid=61045&mjd=61185.5697385266&type=V,61185.5697385266,2026-05-25,evening,52,0,3,52,20.9,0.68,7
61045,SPACEMOBILE-003,,317,2026-05-26T11:41:19,10.0,NNW,2026-05-26T11:44:58,40.0,NE,2026-05-26T11:46:36,26.0,E,True,passdetails.aspx?lat=33.598889&lng=130.211667&loc=Unspecified&alt=73&tz=UCT&cul=en&satid=61045&mjd=61186.4895686438&type=V,61186.4895686438,2026-05-26,evening,100,100,100,80,23.46,3.15,33
61045,SPACEMOBILE-003,,44,2026-05-26T13:20:35,10.0,W,2026-05-26T13:21:20,13.0,W,2026-05-26T13:21:20,13.0,W,True,passdetails.aspx?lat=33.598889&lng=130.211667&loc=Unspecified&alt=73&tz=UCT&cul=en&satid=61045&mjd=61186.5564869372&type=V,61186.5564869372,2026-05-26,evening,90,100,90,80,23.29,3.73,22
61045,SPACEMOBILE-003,,366,2026-05-27T11:21:32,10.0,NNW,2026-05-27T11:25:13,42.0,NE,2026-05-27T11:27:39,19.0,ESE,True,passdetails.aspx?lat=33.598889&lng=130.211667&loc=Unspecified&alt=73&tz=UCT&cul=en&satid=61045&mjd=61187.4758516257&type=V,61187.4758516257,2026-05-27,evening,87,0,1,87,21.66,2.66,19
61045,SPACEMOBILE-003,,90,2026-05-27T13:00:54,10.0,W,2026-05-27T13:02:24,16.0,WSW,2026-05-27T13:02:24,16.0,WSW,True,passdetails.aspx?lat=33.598889&lng=130.211667&loc=Unspecified&alt=73&tz=UCT&cul=en&satid=61045&mjd=61187.5433390283&type=V,61187.5433390283,2026-05-27,evening,84,0,1,84,21.53,2.5,33
61045,SPACEMOBILE-003,,422,2026-05-28T11:01:50,10.0,NNW,2026-05-28T11:05:33,44.0,NE,2026-05-28T11:08:52,12.0,ESE,True,passdetails.aspx?lat=33.598889&lng=130.211667&loc=Unspecified&alt=73&tz=UCT&cul=en&satid=61045&mjd=61188.4621933556&type=V,61188.4621933556,2026-05-28,evening,0,0,0,0,20.37,1.43,1
61045,SPACEMOBILE-003,,135,2026-05-28T12:41:21,10.0,W,2026-05-28T12:43:37,17.0,WSW,2026-05-28T12:43:37,17.0,WSW,True,passdetails.aspx?lat=33.598889&lng=130.211667&loc=Unspecified&alt=73&tz=UCT&cul=en&satid=61045&mjd=61188.5302981063&type=V,61188.5302981063,2026-05-28,evening,3,10,0,0,19.72,1.11,2
61045,SPACEMOBILE-003,,187,2026-05-29T12:21:53,10.0,W,2026-05-29T12:24:16,16.0,SW,2026-05-29T12:25:00,15.0,SW,True,passdetails.aspx?lat=33.598889&lng=130.211667&loc=Unspecified&alt=73&tz=UCT&cul=en&satid=61045&mjd=61189.516856047&type=V,61189.516856047,2026-05-29,evening,0,0,0,0,20.93,0.93,1
61045,SPACEMOBILE-003,,239,2026-05-30T12:02:33,10.0,W,2026-05-30T12:04:46,15.0,SW,2026-05-30T12:06:33,11.0,SSW,True,passdetails.aspx?lat=33.598889&lng=130.211667&loc=Unspecified&alt=73&tz=UCT&cul=en&satid=61045&mjd=61190.5033205274&type=V,61190.5033205274,2026-05-30,evening,30,100,0,0,21.43,1.15,3
61049,SPACEMOBILE-004,,63,2026-05-21T13:44:39,10.0,NW,2026-05-21T13:45:42,18.0,NNW,2026-05-21T13:45:42,18.0,NNW,True,passdetails.aspx?lat=33.598889&lng=130.211667&loc=Unspecified&alt=73&tz=UCT&cul=en&satid=61049&mjd=61181.573411294&type=V,61181.573411294,2026-05-21,evening,93,68,0,93,17.8,1.8,22
61049,SPACEMOBILE-004,,52,2026-05-22T11:48:18,10.0,NNE,2026-05-22T11:48:44,10.0,NNE,2026-05-22T11:49:11,10.0,NNE,True,passdetails.aspx?lat=33.598889&lng=130.211667&loc=Unspecified&alt=73&tz=UCT&cul=en&satid=61049&mjd=61182.4921831771&type=V,61182.4921831771,2026-05-22,evening,44,12,29,44,18.35,3.83,8
61049,SPACEMOBILE-004,,99,2026-05-22T13:24:09,10.0,NW,2026-05-22T13:25:49,24.0,NNW,2026-05-22T13:25:49,24.0,NNW,True,passdetails.aspx?lat=33.598889&lng=130.211667&loc=Unspecified&alt=73&tz=UCT&cul=en&satid=61049&mjd=61182.5596062204&type=V,61182.5596062204,2026-05-22,evening,47,11,27,47,17.78,2.89,8
61049,SPACEMOBILE-004,,83,2026-05-23T11:27:33,10.0,NNE,2026-05-23T11:28:15,10.0,NNE,2026-05-23T11:28:56,10.0,NE,True,passdetails.aspx?lat=33.598889&lng=130.211667&loc=Unspecified&alt=73&tz=UCT&cul=en&satid=61049&mjd=61183.4779555998&type=V,61183.4779555998,2026-05-23,evening,56,58,38,56,20.0,1.59,9
61049,SPACEMOBILE-004,,140,2026-05-23T13:03:38,10.0,NW,2026-05-23T13:05:58,33.0,NNW,2026-05-23T13:05:58,33.0,NNW,True,passdetails.aspx?lat=33.598889&lng=130.211667&loc=Unspecified&alt=73&tz=UCT&cul=en&satid=61049&mjd=61183.5458114199&type=V,61183.5458114199,2026-05-23,evening,56,43,43,56,19.14,1.35,8
61049,SPACEMOBILE-004,,102,2026-05-24T11:06:52,10.0,NNE,2026-05-24T11:07:44,11.0,NNE,2026-05-24T11:08:35,10.0,NE,True,passdetails.aspx?lat=33.598889&lng=130.211667&loc=Unspecified&alt=73&tz=UCT&cul=en&satid=61049&mjd=61184.4637046977&type=V,61184.4637046977,2026-05-24,evening,35,100,20,35,20.32,1.7,6
61049,SPACEMOBILE-004,,181,2026-05-24T12:43:05,10.0,NW,2026-05-24T12:46:07,49.0,N,2026-05-24T12:46:07,49.0,N,True,passdetails.aspx?lat=33.598889&lng=130.211667&loc=Unspecified&alt=73&tz=UCT&cul=en&satid=61049&mjd=61184.5320281302&type=V,61184.5320281302,2026-05-24,evening,38,100,30,38,19.75,1.41,6
61049,SPACEMOBILE-004,,121,2026-05-25T10:46:10,10.0,NNE,2026-05-25T10:47:10,11.0,NNE,2026-05-25T10:48:11,10.0,NE,True,passdetails.aspx?lat=33.598889&lng=130.211667&loc=Unspecified&alt=73&tz=UCT&cul=en&satid=61049&mjd=61185.449432658&type=V,61185.449432658,2026-05-25,evening,33,2,1,33,23.32,1.21,4
61049,SPACEMOBILE-004,,227,2026-05-25T12:22:30,10.0,NW,2026-05-25T12:26:17,65.0,NE,2026-05-25T12:26:17,65.0,NE,True,passdetails.aspx?lat=33.598889&lng=130.211667&loc=Unspecified&alt=73&tz=UCT&cul=en&satid=61049&mjd=61185.5182604451&type=V,61185.5182604451,2026-05-25,evening,54,0,5,54,21.58,0.72,7
61049,SPACEMOBILE-004,,274,2026-05-26T12:01:55,10.0,NW,2026-05-26T12:05:44,68.0,NE,2026-05-26T12:06:29,52.0,ESE,True,passdetails.aspx?lat=33.598889&lng=130.211667&loc=Unspecified&alt=73&tz=UCT&cul=en&satid=61049&mjd=61186.5039875705&type=V,61186.5039875705,2026-05-26,evening,98,100,98,79,23.33,3.16,33
61049,SPACEMOBILE-004,,327,2026-05-27T11:41:16,10.0,NW,2026-05-27T11:45:06,70.0,NE,2026-05-27T11:46:43,32.0,ESE,True,passdetails.aspx?lat=33.598889&lng=130.211667&loc=Unspecified&alt=73&tz=UCT&cul=en&satid=61049&mjd=61187.4896613518&type=V,61187.4896613518,2026-05-27,evening,87,0,1,87,21.66,2.66,19
61049,SPACEMOBILE-004,,381,2026-05-28T11:20:37,10.0,NW,2026-05-28T11:24:27,72.0,NE,2026-05-28T11:26:59,20.0,SE,True,passdetails.aspx?lat=33.598889&lng=130.211667&loc=Unspecified&alt=73&tz=UCT&cul=en&satid=61049&mjd=61188.475316111&type=V,61188.475316111,2026-05-28,evening,0,0,0,0,20.37,1.43,1
61049,SPACEMOBILE-004,,443,2026-05-29T10:59:55,10.0,NW,2026-05-29T11:03:46,75.0,NE,2026-05-29T11:07:18,12.0,SE,True,passdetails.aspx?lat=33.598889&lng=130.211667&loc=Unspecified&alt=73&tz=UCT&cul=en&satid=61049&mjd=61189.4609499276&type=V,61189.4609499276,2026-05-29,evening,0,0,0,0,22.77,1.48,1
61046,SPACEMOBILE-005,,141,2026-05-21T12:58:06,10.0,NNW,2026-05-21T13:00:28,20.0,NNE,2026-05-21T13:00:28,20.0,NNE,True,passdetails.aspx?lat=33.598889&lng=130.211667&loc=Unspecified&alt=73&tz=UCT&cul=en&satid=61046&mjd=61181.541992193&type=V,61181.541992193,2026-05-21,evening,98,78,0,98,18.04,1.77,22
61046,SPACEMOBILE-005,,179,2026-05-22T12:37:43,10.0,NNW,2026-05-22T12:40:42,22.0,NNE,2026-05-22T12:40:42,22.0,NNE,True,passdetails.aspx?lat=33.598889&lng=130.211667&loc=Unspecified&alt=73&tz=UCT&cul=en&satid=61046&mjd=61182.5282739371&type=V,61182.5282739371,2026-05-22,evening,48,15,45,48,17.99,3.39,8
61046,SPACEMOBILE-005,,220,2026-05-23T12:17:19,10.0,NNW,2026-05-23T12:20:26,22.0,NE,2026-05-23T12:20:59,22.0,NE,True,passdetails.aspx?lat=33.598889&lng=130.211667&loc=Unspecified&alt=73&tz=UCT&cul=en&satid=61046&mjd=61183.5141908465&type=V,61183.5141908465,2026-05-23,evening,57,55,43,57,19.53,1.5,9
61046,SPACEMOBILE-005,,12,2026-05-23T13:55:27,10.0,WNW,2026-05-23T13:55:40,11.0,WNW,2026-05-23T13:55:40,11.0,WNW,True,passdetails.aspx?lat=33.598889&lng=130.211667&loc=Unspecified&alt=73&tz=UCT&cul=en&satid=61046&mjd=61183.5803306264&type=V,61183.5803306264,2026-05-23,evening,56,43,43,56,19.14,1.35,8
61046,SPACEMOBILE-005,,261,2026-05-24T11:56:55,10.0,NNW,2026-05-24T12:00:04,23.0,NE,2026-05-24T12:01:17,20.0,ENE,True,passdetails.aspx?lat=33.598889&lng=130.211667&loc=Unspecified&alt=73&tz=UCT&cul=en&satid=61046&mjd=61184.5000472613&type=V,61184.5000472613,2026-05-24,evening,35,100,20,35,20.32,1.7,6
61046,SPACEMOBILE-005,,53,2026-05-24T13:35:06,10.0,WNW,2026-05-24T13:35:59,16.0,WNW,2026-05-24T13:35:59,16.0,WNW,True,passdetails.aspx?lat=33.598889&lng=130.211667&loc=Unspecified&alt=73&tz=UCT&cul=en&satid=61046&mjd=61184.5666569831&type=V,61184.5666569831,2026-05-24,evening,46,70,36,46,19.26,1.32,9
61046,SPACEMOBILE-005,,306,2026-05-25T11:36:31,10.0,NNW,2026-05-25T11:39:41,24.0,NE,2026-05-25T11:41:38,16.0,ENE,True,passdetails.aspx?lat=33.598889&lng=130.211667&loc=Unspecified&alt=73&tz=UCT&cul=en&satid=61046&mjd=61185.4858956581&type=V,61185.4858956581,2026-05-25,evening,46,0,4,46,22.4,0.91,7
61046,SPACEMOBILE-005,,94,2026-05-25T13:14:44,10.0,WNW,2026-05-25T13:16:19,21.0,WNW,2026-05-25T13:16:19,21.0,WNW,True,passdetails.aspx?lat=33.598889&lng=130.211667&loc=Unspecified&alt=73&tz=UCT&cul=en&satid=61046&mjd=61185.5530071801&type=V,61185.5530071801,2026-05-25,evening,52,0,3,52,20.9,0.68,7
61046,SPACEMOBILE-005,,356,2026-05-26T11:16:05,10.0,NNW,2026-05-26T11:19:18,24.0,NE,2026-05-26T11:22:01,12.0,E,True,passdetails.aspx?lat=33.598889&lng=130.211667&loc=Unspecified&alt=73&tz=UCT&cul=en&satid=61046&mjd=61186.4717378421&type=V,61186.4717378421,2026-05-26,evening,100,100,100,80,23.46,3.15,33
61046,SPACEMOBILE-005,,141,2026-05-26T12:54:21,10.0,WNW,2026-05-26T12:56:42,27.0,W,2026-05-26T12:56:42,27.0,W,True,passdetails.aspx?lat=33.598889&lng=130.211667&loc=Unspecified&alt=73&tz=UCT&cul=en&satid=61046&mjd=61186.5393864268&type=V,61186.5393864268,2026-05-26,evening,98,100,98,79,23.33,3.16,33
61046,SPACEMOBILE-005,,387,2026-05-27T10:55:39,10.0,NNW,2026-05-27T10:58:52,25.0,NE,2026-05-27T11:02:07,10.0,E,True,passdetails.aspx?lat=33.598889&lng=130.211667&loc=Unspecified&alt=73&tz=UCT&cul=en&satid=61046&mjd=61187.4575564463&type=V,61187.4575564463,2026-05-27,evening,84,0,0,84,21.93,2.99,19
61046,SPACEMOBILE-005,,190,2026-05-27T12:33:57,10.0,WNW,2026-05-27T12:37:08,32.0,WSW,2026-05-27T12:37:08,32.0,WSW,True,passdetails.aspx?lat=33.598889&lng=130.211667&loc=Unspecified&alt=73&tz=UCT&cul=en&satid=61046&mjd=61187.5257974015&type=V,61187.5257974015,2026-05-27,evening,88,0,1,88,21.52,2.49,22
61046,SPACEMOBILE-005,,243,2026-05-28T12:13:33,10.0,WNW,2026-05-28T12:16:59,31.0,SW,2026-05-28T12:17:37,29.0,SSW,True,passdetails.aspx?lat=33.598889&lng=130.211667&loc=Unspecified&alt=73&tz=UCT&cul=en&satid=61046&mjd=61188.5118037224&type=V,61188.5118037224,2026-05-28,evening,3,10,0,0,19.72,1.11,2
61046,SPACEMOBILE-005,,301,2026-05-29T11:53:08,10.0,WNW,2026-05-29T11:56:31,30.0,SW,2026-05-29T11:58:10,21.0,S,True,passdetails.aspx?lat=33.598889&lng=130.211667&loc=Unspecified&alt=73&tz=UCT&cul=en&satid=61046&mjd=61189.497592097&type=V,61189.497592097,2026-05-29,evening,0,0,0,0,21.75,1.2,1
61046,SPACEMOBILE-005,,363,2026-05-30T11:32:42,10.0,WNW,2026-05-30T11:36:04,29.0,SW,2026-05-30T11:38:45,14.0,S,True,passdetails.aspx?lat=33.598889&lng=130.211667&loc=Unspecified&alt=73&tz=UCT&cul=en&satid=61046&mjd=61190.4833825383&type=V,61190.4833825383,2026-05-30,evening,30,100,0,0,22.23,1.26,3
67232,SPACEMOBILE-006,,21,2026-05-21T14:30:25,10.0,NNW,2026-05-21T14:30:46,12.0,NNW,2026-05-21T14:30:46,12.0,NNW,True,passdetails.aspx?lat=33.598889&lng=130.211667&loc=Unspecified&alt=73&tz=UCT&cul=en&satid=67232&mjd=61181.6047009483&type=V,61181.6047009483,2026-05-21,evening,91,54,0,91,17.55,1.98,22
67232,SPACEMOBILE-006,,44,2026-05-22T14:12:18,10.0,NNW,2026-05-22T14:13:02,14.0,NNW,2026-05-22T14:13:02,14.0,NNW,True,passdetails.aspx?lat=33.598889&lng=130.211667&loc=Unspecified&alt=73&tz=UCT&cul=en&satid=67232&mjd=61182.5923945793&type=V,61182.5923945793,2026-05-22,evening,57,3,50,57,17.65,2.45,7
67232,SPACEMOBILE-006,,69,2026-05-23T13:54:11,10.0,NNW,2026-05-23T13:55:21,17.0,N,2026-05-23T13:55:21,17.0,N,True,passdetails.aspx?lat=33.598889&lng=130.211667&loc=Unspecified&alt=73&tz=UCT&cul=en&satid=67232&mjd=61183.5801116219&type=V,61183.5801116219,2026-05-23,evening,56,43,43,56,19.14,1.35,8
67232,SPACEMOBILE-006,,98,2026-05-24T13:36:03,10.0,NNW,2026-05-24T13:37:42,20.0,N,2026-05-24T13:37:42,20.0,N,True,passdetails.aspx?lat=33.598889&lng=130.211667&loc=Unspecified&alt=73&tz=UCT&cul=en&satid=67232&mjd=61184.5678497025&type=V,61184.5678497025,2026-05-24,evening,46,70,36,46,19.26,1.32,9
67232,SPACEMOBILE-006,,129,2026-05-25T13:17:56,10.0,NNW,2026-05-25T13:20:05,25.0,N,2026-05-25T13:20:05,25.0,N,True,passdetails.aspx?lat=33.598889&lng=130.211667&loc=Unspecified&alt=73&tz=UCT&cul=en&satid=67232&mjd=61185.5556161053&type=V,61185.5556161053,2026-05-25,evening,52,0,3,52,20.9,0.68,7
67232,SPACEMOBILE-006,,160,2026-05-26T12:59:49,10.0,NNW,2026-05-26T13:02:30,30.0,N,2026-05-26T13:02:30,30.0,N,True,passdetails.aspx?lat=33.598889&lng=130.211667&loc=Unspecified&alt=73&tz=UCT&cul=en&satid=67232&mjd=61186.5434096575&type=V,61186.5434096575,2026-05-26,evening,98,100,98,79,23.33,3.16,33
67232,SPACEMOBILE-006,,195,2026-05-27T12:41:42,10.0,NNW,2026-05-27T12:44:58,36.0,NNE,2026-05-27T12:44:58,36.0,NNE,True,passdetails.aspx?lat=33.598889&lng=130.211667&loc=Unspecified&alt=73&tz=UCT&cul=en&satid=67232&mjd=61187.5312312511&type=V,61187.5312312511,2026-05-27,evening,88,0,1,88,21.52,2.49,22
67232,SPACEMOBILE-006,,232,2026-05-28T12:23:35,10.0,NNW,2026-05-28T12:27:15,40.0,NE,2026-05-28T12:27:28,40.0,NE,True,passdetails.aspx?lat=33.598889&lng=130.211667&loc=Unspecified&alt=73&tz=UCT&cul=en&satid=67232&mjd=61188.5189324598&type=V,61188.5189324598,2026-05-28,evening,3,10,0,0,19.72,1.11,2
67232,SPACEMOBILE-006,,274,2026-05-29T12:05:28,10.0,NNW,2026-05-29T12:09:11,43.0,NE,2026-05-29T12:10:02,37.0,ENE,True,passdetails.aspx?lat=33.598889&lng=130.211667&loc=Unspecified&alt=73&tz=UCT&cul=en&satid=67232&mjd=61189.5063854808&type=V,61189.5063854808,2026-05-29,evening,0,0,0,0,20.93,0.93,1
67232,SPACEMOBILE-006,,317,2026-05-30T11:47:21,10.0,NNW,2026-05-30T11:51:07,47.0,NE,2026-05-30T11:52:38,30.0,E,True,passdetails.aspx?lat=33.598889&lng=130.211667&loc=Unspecified&alt=73&tz=UCT&cul=en&satid=67232&mjd=61190.4938333153&type=V,61190.4938333153,2026-05-30,evening,30,100,0,0,22.23,1.26,3
67232,SPACEMOBILE-006,,19,2026-05-30T13:27:09,10.0,W,2026-05-30T13:27:29,11.0,W,2026-05-30T13:27:29,11.0,W,True,passdetails.aspx?lat=33.598889&lng=130.211667&loc=Unspecified&alt=73&tz=UCT&cul=en&satid=67232&mjd=61190.5607577306&type=V,61190.5607577306,2026-05-30,evening,30,100,0,0,20.75,0.96,3
