time,relativehumidity,dewpointtemperature,precipitation,sunshinetime,felttemperature,ghi_backwards,pictocode,snowfraction,isdaylight,highclouds,cape,referenceevapotranspiration_fao,gust,winddirection,liftedindex,windspeed,precipitation_spread,totalcloudcover,windspeed_spread,visibility,skintemperature,precipitation_probability,evapotranspiration,totalcloudcover_spread,uvindex,lowclouds,temperature,midclouds,sealevelpressure,temperature_spread,extraterrestrialradiation_backwards
2026-06-03 00:00:00.000,97,20.89,0.0,34,24.08,188.0,6,0.0,1,73,61,0.12,4.55,320,2.44,2.21,0.07,40,0.5,220,25.57,23,0.12,3,3,40,21.3,40,1004,0.61,837.44
2026-06-03 01:00:00.000,100,21.75,0.0,24,25.06,141.0,9,0.0,1,78,58,0.09,4.6,319,2.16,2.11,0.06,55,0.53,220,26.64,19,0.15,5,3,55,21.75,55,1004,0.85,1039.48
2026-06-03 02:00:00.000,94,21.43,0.0,10,25.51,193.0,21,0.0,1,84,54,0.13,4.46,315,2.36,2.06,0.06,78,0.58,220,25.51,13,0.13,8,5,78,22.34,63,1004,1.19,1189.66
2026-06-03 03:00:00.000,89,21.07,0.0,12,25.88,293.9,9,0.0,1,89,60,0.2,3.8,316,2.03,2.01,0.05,73,0.64,8620,26.36,8,0.1,11,5,73,22.86,48,1005,1.4,1277.76
2026-06-03 04:00:00.000,86,20.9,0.0,13,26.13,401.4,9,0.0,1,88,44,0.26,3.88,320,2.27,2.01,0.05,72,0.71,9620,28.75,7,0.14,10,5,72,23.21,45,1004,1.39,1297.79
2026-06-03 05:00:00.000,84,20.53,0.0,13,25.97,412.06,9,0.0,1,86,51,0.27,3.79,324,2.81,2.08,0.05,73,0.77,10020,29.06,5,0.16,9,6,73,23.29,40,1004,1.25,1248.38
2026-06-03 06:00:00.000,84,20.36,0.0,16,25.66,387.92,9,0.0,1,82,59,0.25,3.7,328,2.5,2.11,0.05,68,0.78,9620,26.03,3,0.14,9,6,68,23.08,67,1004,1.11,1132.93
2026-06-03 07:00:00.000,86,20.22,0.0,0,25.29,363.46,22,0.0,1,75,68,0.23,3.79,329,2.36,1.95,0.04,99,0.68,1020,23.46,1,0.07,12,4,58,22.68,99,1004,0.98,959.31
2026-06-03 08:00:00.000,87,20.05,0.0,0,24.83,285.9,22,0.0,1,66,55,0.18,3.33,337,2.5,1.75,0.02,96,0.53,220,22.61,0,0.06,17,3,58,22.16,96,1004,0.83,739.36
2026-06-03 09:00:00.000,88,19.73,0.0,16,24.34,172.21,9,0.0,1,61,27,0.11,3.7,350,2.81,1.49,0.01,68,0.42,220,23.06,0,0.05,21,1,55,21.64,68,1004,0.71,488.06
2026-06-03 10:00:00.000,90,19.56,0.0,22,24.05,74.37,9,0.0,1,61,14,0.04,3.45,358,3.41,1.21,0.01,58,0.42,620,22.04,0,0.06,20,0,48,21.24,58,1004,0.62,222.56
2026-06-03 11:00:00.000,90,19.29,0.0,7,23.83,3.5,9,0.0,0,65,18,0.02,3.04,30,3.56,0.95,0.0,68,0.46,640,20.49,0,0.01,18,0,39,20.97,68,1005,0.55,31.85
2026-06-03 12:00:00.000,89,19.07,0.0,0,23.62,0.0,9,0.0,0,70,25,0.0,2.6,77,3.06,0.81,0.0,57,0.5,240,20.26,0,0.01,17,0,42,20.78,57,1005,0.5,0.0
2026-06-03 13:00:00.000,89,18.79,0.0,0,23.39,0.0,21,0.0,0,79,25,0.0,2.17,97,2.69,0.72,0.0,77,0.52,80,19.89,0,0.0,17,0,33,20.62,77,1005,0.48,0.0
2026-06-03 14:00:00.000,88,18.52,0.0,0,23.14,0.0,21,0.0,0,89,26,0.0,2.25,114,2.14,0.68,0.0,86,0.54,80,19.48,0,0.0,18,0,19,20.47,86,1005,0.48,0.0
2026-06-03 15:00:00.000,87,18.26,0.0,0,22.89,0.0,21,0.0,0,93,27,0.0,3.14,132,1.82,0.66,0.0,84,0.57,80,19.13,0,0.0,18,0,32,20.32,84,1005,0.5,0.0
2026-06-03 16:00:00.000,91,18.49,0.0,0,22.49,0.0,22,0.0,0,83,18,0.0,3.23,65,1.69,0.75,0.0,95,0.59,80,18.94,0,0.0,13,0,42,19.87,95,1005,0.53,0.0
2026-06-03 17:00:00.000,93,18.45,0.0,0,22.14,0.0,21,0.0,0,66,10,0.0,3.29,186,2.14,0.84,0.0,83,0.62,80,18.74,0,0.0,7,0,44,19.61,83,1005,0.58,0.0
2026-06-03 18:00:00.000,93,18.5,0.0,0,22.0,0.0,21,0.0,0,58,11,0.0,2.4,95,2.81,0.95,0.0,85,0.67,280,18.49,0,0.0,4,0,49,19.52,85,1005,0.61,0.0
2026-06-03 19:00:00.000,92,18.49,0.0,0,22.1,0.0,21,0.0,0,67,29,0.0,2.79,116,2.94,1.03,0.15,80,0.74,250,18.24,0,0.0,4,0,41,19.68,80,1005,0.59,0.0
2026-06-03 20:00:00.000,89,18.32,0.13,0,22.44,0.0,33,0.0,1,86,58,0.0,3.61,112,3.9,1.13,0.37,78,0.82,8230,17.19,25,0.0,6,0,41,20.16,78,1005,0.55,0.0
2026-06-03 21:00:00.000,84,18.12,0.18,2,23.02,10.43,33,0.0,1,100,84,0.02,3.9,108,3.2,1.16,0.53,88,0.89,9420,19.72,25,0.02,9,0,28,20.86,88,1004,0.61,87.74
2026-06-03 22:00:00.000,79,18.08,0.16,3,23.81,35.61,33,0.0,1,100,130,0.05,3.71,81,2.99,1.18,0.61,88,0.97,10420,20.2,25,0.05,12,0,26,21.68,88,1004,0.85,336.15
2026-06-03 23:00:00.000,76,18.06,0.12,1,24.57,56.2,33,0.0,1,100,176,0.07,4.3,60,4.48,1.19,0.64,91,1.06,11220,21.75,25,0.04,15,0,8,22.47,91,1004,1.18,597.75
2026-06-04 00:00:00.000,74,18.23,0.0,0,25.32,93.23,22,0.0,1,100,223,0.09,1.95,60,5.77,1.13,0.71,94,1.14,12020,22.06,32,0.06,17,0,21,23.1,94,1004,1.5,837.67
2026-06-04 01:00:00.000,73,18.43,0.0,0,25.79,153.53,22,0.0,1,100,235,0.13,1.89,46,5.91,1.14,0.85,98,1.21,11420,24.77,43,0.07,13,1,34,23.48,98,1004,1.8,1039.58
2026-06-04 02:00:00.000,72,18.47,0.0,0,26.0,180.18,22,0.0,1,100,248,0.15,2.37,51,5.61,1.07,1.02,99,1.29,12430,24.8,53,0.09,8,1,30,23.62,99,1004,2.09,1189.73
2026-06-04 03:00:00.000,73,18.43,0.14,0,25.96,283.03,33,0.0,1,100,261,0.21,2.0,53,5.08,0.99,1.15,100,1.35,11630,24.2,60,0.08,4,1,41,23.55,100,1004,2.21,1277.89
2026-06-04 04:00:00.000,74,18.5,0.28,0,25.59,138.71,33,0.0,1,100,206,0.12,3.21,37,4.51,1.27,1.18,100,1.38,11030,26.08,62,0.09,1,1,49,23.34,100,1004,2.06,1298.07
2026-06-04 05:00:00.000,74,18.3,0.33,0,25.03,123.95,33,0.0,1,100,151,0.12,2.95,57,4.63,1.48,1.18,100,1.41,9630,22.77,67,0.06,0,0,44,23.02,100,1003,1.74,1248.9
2026-06-04 06:00:00.000,76,18.23,0.89,0,24.48,156.37,33,0.0,1,100,97,0.13,3.65,69,5.89,1.72,1.19,94,1.41,8230,20.62,72,0.06,0,0,40,22.66,94,1003,1.5,1133.75
2026-06-04 07:00:00.000,78,18.34,0.51,0,24.05,105.02,33,0.0,1,100,100,0.1,4.67,67,6.17,1.87,1.28,99,1.41,1020,19.41,75,0.01,0,0,36,22.3,99,1002,1.43,960.48
2026-06-04 08:00:00.000,80,18.47,0.47,0,23.71,114.59,33,0.0,1,100,106,0.1,5.51,69,4.8,1.97,1.4,100,1.4,220,19.4,75,0.0,0,1,40,21.96,100,1002,1.43,740.89
2026-06-04 09:00:00.000,81,18.45,0.47,0,23.37,43.19,33,0.0,1,100,118,0.06,6.85,79,2.39,2.06,1.45,98,1.35,220,18.94,76,0.0,2,1,44,21.69,98,1002,1.4,489.96
2026-06-04 10:00:00.000,83,18.59,1.96,0,23.32,19.53,33,0.0,1,100,75,0.04,6.72,74,2.34,1.99,1.38,94,1.22,620,18.0,77,0.0,5,0,60,21.52,94,1002,1.28,224.8
2026-06-04 11:00:00.000,84,18.71,2.66,3,23.35,1.12,23,0.0,0,100,110,0.03,7.49,61,-0.71,1.87,1.25,82,1.05,440,16.87,76,0.0,10,0,79,21.42,82,1002,1.13,33.03
2026-06-04 12:00:00.000,85,18.87,2.89,0,23.42,0.0,23,0.0,0,100,128,0.0,5.85,67,0.76,1.77,1.11,83,0.92,1040,16.64,71,0.02,16,0,83,21.34,64,1002,1.0,0.0
2026-06-04 13:00:00.000,86,18.99,5.84,0,23.4,0.0,23,0.0,0,100,94,0.0,5.86,75,0.1,1.74,0.98,83,0.87,8280,16.68,65,0.06,21,0,83,21.24,70,1002,0.91,0.0
2026-06-04 14:00:00.000,88,19.16,2.99,0,23.43,0.0,23,0.0,0,100,81,0.0,6.2,56,1.01,1.61,0.84,94,0.85,8280,16.65,56,0.06,27,0,90,21.1,94,1002,0.84,0.0
2026-06-04 15:00:00.000,90,19.35,0.79,0,23.39,0.0,33,0.0,0,98,110,0.0,5.85,54,0.33,1.49,0.69,98,0.85,8480,16.59,51,0.06,30,0,93,20.89,98,1002,0.8,0.0
2026-06-04 16:00:00.000,93,19.52,0.0,0,23.12,0.0,22,0.0,0,66,93,0.0,5.19,75,0.49,1.58,0.54,95,0.84,8670,16.58,44,0.06,25,0,95,20.6,95,1002,0.79,0.0
2026-06-04 17:00:00.000,95,19.59,0.0,0,22.76,0.0,22,0.0,0,23,37,0.0,4.57,61,0.9,1.69,0.39,96,0.83,8270,16.66,36,0.05,18,0,96,20.28,71,1002,0.8,0.0
2026-06-04 18:00:00.000,97,19.68,0.0,0,22.64,0.0,22,0.0,0,2,42,0.0,4.38,40,1.51,1.66,0.27,91,0.85,8470,16.74,25,0.04,12,0,91,20.1,41,1002,0.8,0.0
2026-06-04 19:00:00.000,96,19.64,0.0,0,22.65,0.0,22,0.0,0,24,28,0.0,4.63,3,1.27,1.7,0.22,90,0.9,8650,16.86,16,0.04,9,0,90,20.15,6,1003,0.75,0.0
2026-06-04 20:00:00.000,93,19.42,0.0,0,22.86,0.0,21,0.0,1,67,16,0.0,4.79,331,1.36,1.83,0.2,79,0.97,8420,17.02,10,0.03,8,0,79,20.56,0,1003,0.69,0.0
2026-06-04 21:00:00.000,87,19.13,0.0,7,23.29,17.51,21,0.0,1,100,12,0.02,4.61,324,1.41,1.98,0.19,80,1.06,8430,17.72,6,0.03,8,0,80,21.24,0,1004,0.71,88.07
2026-06-04 22:00:00.000,82,19.0,0.0,9,24.13,97.48,21,0.0,1,100,16,0.07,5.32,329,1.34,1.96,0.16,79,1.16,620,18.51,3,0.07,7,0,79,22.12,0,1004,0.87,336.66
2026-06-04 23:00:00.000,77,18.85,0.0,11,24.99,230.6,21,0.0,1,100,20,0.16,5.85,331,1.38,2.0,0.13,76,1.28,8630,19.2,3,0.12,6,1,76,23.09,0,1005,1.1,597.99
2026-06-05 00:00:00.000,72,18.81,0.0,18,25.89,388.48,9,0.0,1,100,25,0.26,5.57,324,1.11,2.06,0.11,65,1.42,420,19.82,3,0.14,6,2,65,24.05,0,1005,1.3,837.71
2026-06-05 01:00:00.000,68,18.75,0.0,28,26.63,526.57,9,0.0,1,100,22,0.36,5.7,322,1.16,2.17,0.08,50,1.59,230,20.69,2,0.16,5,3,50,24.9,0,1006,1.44,1039.52
2026-06-05 02:00:00.000,65,18.59,0.0,33,27.79,665.76,9,0.0,1,100,25,0.46,6.74,315,0.86,2.33,0.05,41,1.76,9030,21.89,2,0.19,4,5,41,25.58,0,1006,1.56,1189.65
2026-06-05 03:00:00.000,62,18.37,0.0,35,28.81,798.31,6,0.0,1,100,29,0.55,5.38,302,0.36,2.47,0.04,38,1.91,9830,23.62,2,0.22,4,8,38,26.06,0,1007,1.61,1277.9
2026-06-05 04:00:00.000,62,18.39,0.0,36,28.81,782.35,6,0.0,1,100,33,0.54,5.34,297,-0.22,2.59,0.05,36,2.02,10430,25.89,1,0.24,3,9,36,26.24,0,1007,1.58,1298.25
2026-06-05 05:00:00.000,62,18.29,0.0,40,28.45,773.21,6,0.0,1,100,42,0.53,5.02,286,-0.76,2.71,0.08,30,2.1,10830,27.16,1,0.23,3,9,30,26.08,0,1007,1.49,1249.33
2026-06-05 06:00:00.000,64,18.32,0.0,40,27.48,686.96,6,0.0,1,100,50,0.47,4.8,290,-0.87,2.75,0.09,30,2.12,10620,26.52,1,0.2,6,7,23,25.59,0,1007,1.4,1134.48
2026-06-05 07:00:00.000,67,18.39,0.0,40,26.2,560.83,6,0.0,1,100,37,0.38,4.81,289,-0.62,2.64,0.08,30,2.05,10020,25.65,0,0.17,13,5,18,24.89,5,1007,1.34,961.53
2026-06-05 08:00:00.000,70,18.42,0.0,40,25.44,374.24,6,0.0,1,100,57,0.25,4.58,284,-0.74,2.48,0.05,30,1.91,9420,24.24,0,0.14,22,3,23,24.07,23,1008,1.27,742.27
2026-06-05 09:00:00.000,73,18.24,0.0,40,24.67,204.7,6,0.0,1,100,53,0.15,4.05,274,-0.34,2.23,0.03,30,1.77,9020,22.56,0,0.09,29,1,18,23.21,0,1008,1.21,491.66
2026-06-05 10:00:00.000,76,18.1,0.0,43,24.04,55.29,6,0.0,1,87,31,0.06,3.76,267,0.12,1.91,0.04,26,1.62,8420,20.75,0,0.05,29,0,18,22.41,0,1009,1.14,226.76
2026-06-05 11:00:00.000,78,17.87,0.0,21,23.42,2.99,6,0.0,0,71,8,0.03,3.24,262,1.33,1.59,0.05,21,1.47,8030,19.9,0,0.02,26,0,12,21.68,0,1009,1.06,34.06
2026-06-05 12:00:00.000,81,17.65,0.0,0,22.82,0.0,15,0.0,0,63,9,0.0,2.7,243,1.94,1.36,0.06,19,1.35,8040,19.8,0,0.01,25,0,2,21.01,0,1010,1.0,0.0
2026-06-05 13:00:00.000,82,17.34,0.0,0,22.23,0.0,15,0.0,0,71,5,0.0,2.21,215,2.86,1.13,0.05,21,1.27,8270,19.63,0,0.01,27,0,6,20.4,0,1010,0.95,0.0
2026-06-05 14:00:00.000,84,17.14,0.0,0,21.6,0.0,6,0.0,0,87,2,0.0,1.94,210,3.19,1.09,0.03,26,1.24,8460,17.03,0,0.0,31,0,13,19.82,0,1010,0.92,0.0
2026-06-05 15:00:00.000,86,16.98,0.0,0,21.02,0.0,6,0.0,0,100,0,0.0,1.7,217,3.29,1.01,0.03,30,1.2,8260,15.94,0,0.0,34,0,18,19.26,0,1010,0.9,0.0
2026-06-05 16:00:00.000,89,16.95,0.0,0,20.52,0.0,6,0.0,0,100,2,0.0,1.57,210,3.58,0.96,0.06,30,1.17,8060,15.38,0,0.0,32,0,28,18.74,0,1010,0.89,0.0
2026-06-05 17:00:00.000,91,16.94,0.0,0,20.06,0.0,18,0.0,0,100,4,0.0,1.81,204,3.96,0.99,0.12,30,1.15,260,18.41,0,0.0,29,0,29,18.3,0,1010,0.9,0.0
2026-06-05 18:00:00.000,93,17.04,0.0,0,19.88,0.0,18,0.0,0,100,6,0.0,2.15,210,4.44,1.03,0.15,32,1.14,60,18.14,0,0.0,26,0,32,18.11,0,1010,0.9,0.0
2026-06-05 19:00:00.000,92,17.01,0.0,0,20.03,0.0,18,0.0,0,100,3,0.0,2.38,170,5.34,1.03,0.11,30,1.15,250,18.2,0,0.0,23,0,25,18.27,0,1010,0.9,0.0
2026-06-05 20:00:00.000,87,16.84,0.0,0,20.57,0.0,6,0.0,1,100,1,0.0,2.12,172,5.47,1.07,0.06,30,1.18,210,18.13,0,0.0,20,0,22,18.91,0,1011,0.9,0.0
2026-06-05 21:00:00.000,81,16.62,0.0,35,21.45,15.13,6,0.0,1,100,7,0.03,2.07,162,4.4,1.18,0.03,30,1.2,220,20.15,0,0.0,18,0,16,19.96,11,1011,0.9,88.23
2026-06-05 22:00:00.000,74,16.62,0.0,21,22.72,79.5,9,0.0,1,100,35,0.07,2.61,136,3.4,1.26,0.06,60,1.21,5410,23.1,0,0.07,13,0,13,21.28,60,1012,0.88,336.85
2026-06-05 23:00:00.000,68,16.67,0.0,7,24.05,162.91,21,0.0,1,100,45,0.13,2.81,60,2.57,1.43,0.12,82,1.22,9020,26.78,0,0.14,8,1,7,22.72,82,1012,0.86,597.97
2026-06-06 00:00:00.000,64,16.92,0.0,0,25.43,250.19,22,0.0,1,100,37,0.19,2.76,25,2.82,1.58,0.17,98,1.28,2020,29.02,0,0.19,6,2,6,24.09,98,1013,0.9,837.56
2026-06-06 01:00:00.000,61,17.25,0.0,0,26.55,439.56,22,0.0,1,100,24,0.32,2.45,17,3.7,1.83,0.16,96,1.44,3220,31.49,1,0.25,6,4,41,25.25,96,1013,1.04,1039.31
2026-06-06 02:00:00.000,58,17.42,0.0,4,27.37,535.91,21,0.0,1,100,17,0.39,2.79,11,4.36,2.02,0.13,87,1.66,1220,32.0,2,0.29,8,5,48,26.13,87,1013,1.24,1189.48
2026-06-06 03:00:00.000,56,17.44,0.0,7,28.19,607.39,21,0.0,1,100,10,0.45,2.9,7,4.6,2.14,0.11,81,1.84,2420,32.72,3,0.31,11,7,50,26.69,81,1013,1.4,1277.84
2026-06-06 04:00:00.000,56,17.63,0.0,5,28.32,589.61,21,0.0,1,100,7,0.44,2.88,2,4.68,2.2,0.12,85,1.93,1020,32.43,4,0.32,14,7,41,26.89,85,1013,1.47,1298.39
2026-06-06 05:00:00.000,57,17.57,0.0,0,27.77,531.98,22,0.0,1,100,6,0.4,2.58,355,4.41,2.37,0.14,93,1.96,2020,31.1,5,0.28,19,6,27,26.7,93,1012,1.5,1249.72
2026-06-06 06:00:00.000,59,17.6,0.0,0,27.26,450.96,22,0.0,1,100,8,0.34,2.43,352,3.62,2.4,0.17,100,2.0,1020,29.55,8,0.24,23,4,19,26.2,100,1012,1.5,1135.17
2026-06-06 07:00:00.000,62,17.77,0.0,0,26.59,340.43,22,0.0,1,100,14,0.27,3.03,353,2.53,2.46,0.21,100,2.09,2420,28.09,12,0.21,24,3,22,25.5,100,1012,1.48,962.55
2026-06-06 08:00:00.000,66,17.96,0.0,0,25.89,222.16,22,0.0,1,100,25,0.19,4.19,356,1.71,2.47,0.25,100,2.23,1220,25.28,15,0.15,25,2,31,24.72,100,1012,1.43,743.63
2026-06-06 09:00:00.000,68,17.87,0.0,0,25.19,116.88,22,0.0,1,100,41,0.12,5.08,2,1.02,2.3,0.3,100,2.3,3030,22.49,15,0.09,26,1,39,23.95,100,1013,1.4,493.32
2026-06-06 10:00:00.000,71,17.87,0.0,0,24.65,41.98,22,0.0,1,100,65,0.07,5.82,10,0.6,2.12,0.34,100,2.2,1030,20.09,14,0.04,26,0,46,23.28,100,1013,1.4,228.69
2026-06-06 11:00:00.000,73,17.8,0.0,0,24.17,3.8,22,0.0,0,100,53,0.04,6.62,38,0.42,1.98,0.39,100,1.99,430,19.38,13,0.0,27,0,51,22.73,100,1013,1.41,35.08
2026-06-06 12:00:00.000,75,17.79,0.0,0,23.77,0.0,22,0.0,0,100,78,0.02,7.12,82,-1.61,1.91,0.45,100,1.78,1080,19.08,14,0.0,28,0,55,22.28,100,1013,1.4,0.0
2026-06-06 13:00:00.000,77,17.7,0.92,0,23.39,0.0,33,0.0,0,100,62,0.01,7.2,101,-1.52,1.84,0.55,100,1.59,8290,18.67,25,0.0,29,0,57,21.89,100,1012,1.35,0.0
2026-06-06 14:00:00.000,79,17.8,1.08,0,23.13,0.0,33,0.0,0,100,50,0.01,5.62,101,-1.49,1.75,0.66,100,1.4,8290,18.81,25,0.0,30,0,56,21.53,100,1012,1.27,0.0
2026-06-06 15:00:00.000,81,17.89,1.09,0,22.94,0.0,33,0.0,0,100,68,0.01,3.41,108,-1.27,1.58,0.81,100,1.28,8690,18.66,25,0.0,32,0,55,21.18,100,1011,1.21,0.0
2026-06-06 16:00:00.000,84,18.04,0.84,0,22.58,0.0,33,0.0,0,100,52,0.0,3.47,103,-1.22,1.71,1.06,99,1.29,8890,18.49,25,0.0,32,0,54,20.84,99,1010,1.17,0.0
2026-06-06 17:00:00.000,86,18.15,0.44,0,22.17,0.0,33,0.0,0,100,33,0.0,4.22,98,-0.99,1.89,1.35,99,1.38,8890,18.95,25,0.0,31,0,52,20.51,99,1009,1.14,0.0
2026-06-06 18:00:00.000,88,18.36,0.15,0,22.05,0.0,33,0.0,0,100,82,0.0,4.25,100,-1.27,1.98,1.47,98,1.42,9090,18.31,25,0.0,32,0,49,20.36,98,1008,1.11,0.0
2026-06-06 19:00:00.000,88,18.46,0.0,0,22.19,0.0,22,0.0,0,100,85,0.0,4.29,92,-0.57,2.04,1.25,98,1.36,9640,18.38,21,0.0,34,0,42,20.49,98,1008,1.04,0.0
2026-06-06 20:00:00.000,85,18.43,0.0,0,22.66,0.0,22,0.0,1,100,84,0.01,3.91,82,-0.67,2.09,0.87,98,1.25,9430,18.33,21,0.0,37,0,33,21.01,98,1007,0.96,0.0
2026-06-06 21:00:00.000,80,18.27,0.0,0,23.42,9.2,22,0.0,1,100,80,0.04,3.8,79,1.0,2.05,0.63,98,1.2,9820,21.82,21,0.01,39,0,31,21.81,98,1007,1.0,88.39
2026-06-06 22:00:00.000,75,18.22,0.16,0,24.3,45.1,33,0.0,1,100,53,0.07,3.41,77,1.71,2.19,0.66,99,1.25,11430,25.84,25,0.06,36,0,39,22.82,99,1006,1.2,337.05
2026-06-06 23:00:00.000,70,18.12,0.33,0,25.19,92.18,33,0.0,1,100,60,0.11,4.01,78,2.94,2.44,0.82,99,1.36,13430,29.04,25,0.14,32,1,52,23.92,99,1006,1.5,597.96
2026-06-07 00:00:00.000,65,18.13,1.59,0,26.17,133.87,33,0.0,1,100,71,0.15,4.6,77,3.4,2.53,0.97,98,1.49,15430,31.77,25,0.22,31,2,62,24.97,98,1005,1.9,837.41
2026-06-07 01:00:00.000,62,18.2,1.2,0,27.07,212.87,33,0.0,1,100,109,0.2,4.29,73,2.57,2.47,1.05,96,1.62,17630,34.44,26,0.28,33,3,65,25.8,96,1004,2.47,1039.11
2026-06-07 02:00:00.000,61,18.31,0.48,1,27.75,247.17,33,0.0,1,100,109,0.23,4.63,67,2.69,2.42,1.12,92,1.8,17820,31.57,29,0.17,37,3,66,26.39,92,1003,3.14,1189.31
2026-06-07 03:00:00.000,60,18.44,0.0,2,27.99,301.78,22,0.0,1,100,95,0.26,4.15,64,2.28,2.48,1.17,89,2.0,16230,26.41,34,0.11,40,2,67,26.61,89,1002,3.61,1277.79
2026-06-07 04:00:00.000,61,18.59,0.1,2,27.85,305.42,33,0.0,1,88,141,0.26,4.32,50,3.62,2.57,1.17,90,2.27,8030,21.66,38,0.06,37,1,70,26.48,90,1001,3.78,1298.53
2026-06-07 05:00:00.000,63,18.6,0.45,1,27.33,314.06,33,0.0,1,71,190,0.26,4.62,34,3.81,2.63,1.16,91,2.57,10030,22.88,43,0.08,31,1,74,25.99,91,1000,3.76,1250.12
2026-06-07 06:00:00.000,66,18.66,0.66,1,26.64,324.38,33,0.0,1,54,240,0.26,5.15,27,5.33,2.72,1.21,92,2.77,11230,23.28,43,0.26,28,1,78,25.33,92,1000,3.61,1135.87
2026-06-07 07:00:00.000,70,18.75,0.51,2,25.84,242.43,33,0.0,1,34,191,0.2,7.05,26,3.63,2.86,1.38,90,2.77,9230,22.43,40,0.14,27,1,83,24.58,90,1000,3.28,963.58
2026-06-07 08:00:00.000,73,18.74,0.21,2,25.04,167.08,33,0.0,1,14,142,0.15,8.28,36,3.59,2.94,1.61,89,2.67,7030,20.59,35,0.04,29,1,89,23.84,88,1000,2.82,744.98
2026-06-07 09:00:00.000,76,18.78,0.0,0,24.43,97.15,22,0.0,1,0,73,0.1,8.97,51,3.42,2.86,1.79,94,2.55,9430,20.29,30,0.0,31,0,94,23.16,87,1001,2.4,494.98
2026-06-07 10:00:00.000,78,18.77,0.0,0,23.94,38.33,22,0.0,1,0,62,0.06,9.55,60,2.91,2.75,1.85,97,2.41,9430,19.78,26,0.0,31,0,97,22.6,89,1001,2.09,230.62
2026-06-07 11:00:00.000,81,18.73,0.0,0,23.55,4.05,22,0.0,0,0,40,0.04,7.98,73,2.44,2.59,1.87,99,2.26,10030,19.64,24,0.03,31,0,99,22.12,92,1002,1.82,36.09
2026-06-07 12:00:00.000,83,18.75,0.0,0,23.22,0.0,22,0.0,0,0,54,0.01,8.83,89,1.37,2.48,1.87,100,2.14,10440,19.81,23,0.07,31,0,100,21.69,94,1002,1.61,0.0
2026-06-07 13:00:00.000,85,18.74,0.0,0,22.84,0.0,22,0.0,0,21,50,0.01,9.41,130,0.91,2.45,1.94,95,2.05,11270,20.13,25,0.08,31,0,95,21.3,92,1002,1.46,0.0
2026-06-07 14:00:00.000,87,18.72,0.0,0,22.42,0.0,22,0.0,0,51,143,0.01,8.85,178,0.22,2.46,2.0,89,1.97,11100,20.4,26,0.09,31,0,89,20.89,89,1002,1.37,0.0
2026-06-07 15:00:00.000,90,18.86,0.0,0,22.06,0.0,22,0.0,0,75,728,0.0,8.78,201,-1.91,2.46,1.89,88,1.94,10890,20.62,30,0.07,30,0,86,20.47,88,1002,1.3,0.0
2026-06-07 16:00:00.000,94,19.04,0.82,0,21.6,0.0,28,0.0,0,88,970,0.0,10.72,225,-2.47,2.6,1.44,92,1.97,11090,21.01,33,0.07,27,0,89,20.03,92,1002,1.25,0.0
2026-06-07 17:00:00.000,96,19.11,1.94,0,21.1,0.0,28,0.0,0,96,1031,0.0,12.64,303,-2.64,2.79,0.82,97,2.05,11280,21.29,37,0.07,23,0,95,19.62,97,1002,1.23,0.0
2026-06-07 18:00:00.000,98,19.23,2.53,0,20.96,0.0,27,0.0,0,100,1102,0.0,12.32,333,-2.87,2.87,0.35,100,2.14,11280,21.61,38,0.07,20,0,100,19.48,99,1003,1.21,0.0
2026-06-07 19:00:00.000,97,19.29,2.09,0,21.29,0.0,28,0.0,0,97,1025,0.0,11.8,332,-2.56,2.79,0.2,100,2.24,11240,21.89,40,0.07,18,0,100,19.72,98,1003,1.17,0.0
2026-06-07 20:00:00.000,92,19.16,1.14,0,21.98,0.0,28,0.0,1,90,1063,0.0,10.18,317,-2.61,2.64,0.16,98,2.35,10430,22.17,43,0.06,18,0,98,20.38,94,1004,1.14,0.0
2026-06-07 21:00:00.000,86,18.93,0.37,0,22.73,10.22,28,0.0,1,87,1068,0.03,9.29,291,-3.62,2.64,0.21,96,2.47,10020,22.97,46,0.04,18,0,96,21.23,85,1004,1.21,88.54
2026-06-07 22:00:00.000,80,18.71,0.1,0,23.52,63.14,28,0.0,1,90,1104,0.07,9.39,262,-3.48,2.68,0.34,95,2.6,10020,23.37,46,0.06,15,0,95,22.15,65,1005,1.45,337.25
2026-06-07 23:00:00.000,75,18.43,0.0,0,24.23,141.48,22,0.0,1,96,1005,0.12,9.67,264,-3.27,2.75,0.55,94,2.73,10030,23.37,44,0.06,13,0,94,23.04,40,1005,1.8,597.95
2026-06-08 00:00:00.000,70,18.19,0.0,0,24.81,238.88,22,0.0,1,99,553,0.19,9.8,276,-2.22,2.84,0.69,93,2.78,30,23.61,46,0.06,12,1,93,23.8,25,1005,2.12,837.27
2026-06-08 01:00:00.000,67,18.0,0.0,1,25.16,360.65,22,0.0,1,96,474,0.27,9.66,296,-1.89,3.02,0.68,91,2.71,30,23.56,48,0.01,14,3,91,24.36,27,1006,2.39,1038.92
2026-06-08 02:00:00.000,65,17.79,0.0,3,25.32,483.15,22,0.0,1,90,161,0.35,8.55,316,-0.22,3.17,0.6,88,2.59,30,25.55,50,0.23,18,5,88,24.72,39,1006,2.64,1189.15
2026-06-08 03:00:00.000,64,17.61,0.0,6,25.46,591.6,21,0.0,1,87,141,0.41,8.32,325,3.69,3.29,0.53,83,2.48,230,26.95,51,0.34,21,7,83,24.8,52,1006,2.8,1277.75
2026-06-08 04:00:00.000,65,17.62,0.0,11,25.15,559.47,21,0.0,1,90,171,0.39,8.4,330,4.51,3.22,0.5,75,2.41,9430,29.28,49,0.36,19,8,75,24.61,63,1006,2.85,1298.68
2026-06-08 05:00:00.000,66,17.54,0.0,12,24.74,486.7,9,0.0,1,95,204,0.34,8.71,335,3.8,3.03,0.48,74,2.34,9630,28.93,46,0.33,15,8,66,24.15,74,1006,2.81,1250.53
2026-06-08 06:00:00.000,69,17.59,0.0,7,24.26,377.66,21,0.0,1,100,237,0.27,9.05,338,4.12,2.89,0.48,82,2.28,9420,27.05,41,0.27,13,6,59,23.55,82,1006,2.71,1136.58
2026-06-08 07:00:00.000,73,17.77,0.0,5,23.73,288.27,21,0.0,1,100,203,0.21,8.73,344,4.68,2.78,0.51,85,2.25,10020,25.19,38,0.2,14,4,57,22.87,85,1006,2.54,964.61
2026-06-08 08:00:00.000,77,17.99,0.0,5,23.14,206.01,21,0.0,1,100,182,0.15,9.1,332,5.08,2.77,0.56,85,2.23,9620,25.45,35,0.17,17,3,58,22.17,85,1006,2.32,746.34
2026-06-08 09:00:00.000,79,17.89,0.0,6,22.61,111.84,21,0.0,1,100,191,0.1,9.1,315,5.08,2.59,0.61,84,2.19,420,22.36,32,0.1,20,1,59,21.56,84,1006,2.11,496.65
2026-06-08 10:00:00.000,81,17.84,0.0,6,22.31,48.95,21,0.0,1,100,195,0.05,8.16,285,5.06,2.33,0.65,83,2.09,30,20.94,30,0.06,22,0,60,21.1,83,1006,1.92,232.55
2026-06-08 11:00:00.000,82,17.6,0.0,3,22.1,4.74,21,0.0,0,100,216,0.03,7.01,246,4.86,2.04,0.68,82,1.95,230,19.9,27,0.02,25,0,60,20.79,82,1007,1.74,37.1
2026-06-08 12:00:00.000,81,17.33,0.0,0,21.88,0.0,21,0.0,0,100,246,0.01,5.59,230,4.79,1.86,0.71,76,1.86,240,19.68,27,0.0,28,0,59,20.56,76,1007,1.61,0.0
2026-06-08 13:00:00.000,80,16.96,0.0,0,21.28,0.0,9,0.0,0,100,155,0.01,5.82,238,5.28,2.2,0.73,60,1.85,8880,19.34,26,0.01,29,0,54,20.35,60,1007,1.55,0.0
2026-06-08 14:00:00.000,81,16.75,0.0,0,20.95,0.0,9,0.0,0,100,124,0.01,5.22,263,7.16,2.17,0.73,47,1.87,10880,18.22,26,0.01,30,0,47,20.1,39,1007,1.53,0.0
2026-06-08 15:00:00.000,82,16.6,0.0,0,20.6,0.0,9,0.0,0,100,93,0.01,5.04,278,6.28,2.07,0.73,44,1.89,12280,19.0,25,0.02,30,0,44,19.74,28,1008,1.5,0.0
2026-06-08 16:00:00.000,84,16.6,0.0,0,20.18,0.0,9,0.0,0,100,83,0.01,4.24,285,7.06,2.04,0.73,49,1.86,11670,18.42,24,0.02,28,0,49,19.3,34,1007,1.44,0.0
2026-06-08 17:00:00.000,86,16.58,0.0,0,19.76,0.0,9,0.0,0,100,64,0.0,3.68,293,7.97,1.96,0.73,57,1.83,12270,18.44,21,0.03,26,0,57,18.83,49,1007,1.37,0.0
2026-06-08 18:00:00.000,88,16.65,0.0,0,19.61,0.0,9,0.0,0,100,79,0.0,3.78,297,8.31,1.82,0.71,62,1.8,11870,16.42,19,0.02,26,0,61,18.56,62,1007,1.3,0.0
2026-06-08 19:00:00.000,88,16.73,0.0,0,19.77,0.0,9,0.0,0,99,62,0.0,2.89,310,6.97,1.7,0.68,67,1.79,11250,16.54,16,0.01,27,0,56,18.6,67,1008,1.2,0.0
2026-06-08 20:00:00.000,85,16.61,0.0,0,20.24,0.0,9,0.0,1,99,46,0.0,2.69,312,6.38,1.57,0.63,70,1.78,11630,16.25,16,0.01,29,0,46,19.03,70,1008,1.1,0.0
2026-06-08 21:00:00.000,80,16.34,0.0,12,20.85,16.17,9,0.0,1,98,42,0.03,2.82,318,7.12,1.58,0.59,72,1.8,12420,17.78,16,0.02,31,0,40,19.76,72,1008,1.06,88.7
2026-06-08 22:00:00.000,75,16.09,0.0,12,21.73,95.16,9,0.0,1,99,44,0.07,3.27,328,6.7,1.49,0.56,74,1.88,12820,20.28,17,0.04,31,0,40,20.68,74,1008,1.1,337.45
2026-06-08 23:00:00.000,69,15.78,0.0,11,22.54,207.52,21,0.0,1,99,46,0.15,3.39,341,7.32,1.55,0.54,76,1.98,12620,23.3,17,0.09,32,1,42,21.65,76,1008,1.19,597.95
2026-06-09 00:00:00.000,64,15.5,0.0,10,23.23,307.71,21,0.0,1,100,47,0.22,3.2,347,9.87,1.69,0.52,76,2.08,12220,21.12,18,0.09,33,2,44,22.55,76,1009,1.33,837.14
2026-06-09 01:00:00.000,60,15.34,0.0,12,23.88,399.4,9,0.0,1,100,34,0.28,3.56,339,8.91,1.72,0.51,74,2.17,11820,22.47,18,0.1,34,4,45,23.29,74,1009,1.55,1038.73
2026-06-09 02:00:00.000,58,15.25,0.0,15,24.24,485.54,9,0.0,1,100,23,0.35,3.4,321,8.43,1.96,0.51,69,2.27,12220,22.74,19,0.12,35,6,44,23.85,69,1009,1.81,1189.0
2026-06-09 03:00:00.000,57,15.24,0.0,15,24.46,520.93,9,0.0,1,100,15,0.37,4.05,326,8.93,2.15,0.51,69,2.33,12220,21.38,20,0.08,36,8,43,24.21,69,1009,1.99,1277.71
2026-06-09 04:00:00.000,57,15.3,0.0,8,24.55,541.97,21,0.0,1,99,14,0.39,4.21,313,9.21,2.2,0.51,81,2.36,12020,20.82,19,0.1,35,9,39,24.3,81,1009,2.02,1298.84
2026-06-09 05:00:00.000,57,15.3,0.0,0,24.3,528.33,22,0.0,1,99,18,0.38,4.72,302,9.71,2.3,0.51,96,2.36,13020,22.35,18,0.11,34,9,34,24.12,96,1009,1.97,1250.94
2026-06-09 06:00:00.000,59,15.3,0.0,0,23.93,473.7,22,0.0,1,99,22,0.34,4.1,316,10.53,2.24,0.5,98,2.33,13020,20.6,17,0.09,34,7,28,23.71,98,1008,1.9,1137.29
2026-06-09 07:00:00.000,61,15.33,0.0,13,23.36,405.09,9,0.0,1,100,21,0.29,4.54,310,10.32,2.26,0.47,73,2.29,14830,25.85,15,0.15,35,5,20,23.15,73,1009,1.85,965.64
2026-06-09 08:00:00.000,64,15.38,0.0,37,22.81,313.08,6,0.0,1,100,26,0.22,4.38,307,9.26,2.15,0.43,34,2.22,14830,24.24,13,0.19,38,3,11,22.5,34,1009,1.79,747.7
2026-06-09 09:00:00.000,67,15.44,0.0,40,22.22,187.83,3,0.0,1,100,31,0.14,4.29,298,8.88,2.05,0.38,30,2.13,15030,21.7,12,0.13,40,1,4,21.81,6,1009,1.71,498.31
2026-06-09 10:00:00.000,70,15.52,0.0,41,21.7,74.39,3,0.0,1,97,23,0.07,4.57,266,8.79,1.94,0.32,29,2.0,12830,18.62,10,0.07,39,0,1,21.18,0,1009,1.59,234.48
2026-06-09 11:00:00.000,72,15.47,0.0,20,21.17,7.53,3,0.0,0,94,16,0.04,3.11,230,8.93,1.84,0.24,28,1.85,11630,16.03,8,0.01,37,0,0,20.61,0,1010,1.44,38.12
2026-06-09 12:00:00.000,74,15.41,0.0,0,20.68,0.0,3,0.0,0,92,12,0.01,2.31,212,8.33,1.8,0.18,27,1.72,11640,15.88,6,0.0,36,0,0,20.11,0,1010,1.3,0.0
2026-06-09 13:00:00.000,75,15.17,0.0,0,20.48,0.0,3,0.0,0,94,4,0.01,2.72,203,7.91,1.33,0.13,28,1.64,11690,15.51,5,0.0,36,0,0,19.68,0,1010,1.18,0.0
2026-06-09 14:00:00.000,75,14.86,0.0,0,19.95,0.0,3,0.0,0,97,2,0.01,3.6,198,7.83,1.37,0.09,29,1.59,12070,15.27,4,0.0,38,0,0,19.3,0,1010,1.08,0.0
2026-06-09 15:00:00.000,75,14.57,0.0,0,19.42,0.0,3,0.0,0,100,2,0.01,4.1,196,7.84,1.48,0.07,30,1.53,12870,15.37,3,0.01,40,0,0,18.95,0,1010,1.0,0.0
2026-06-09 16:00:00.000,76,14.43,0.0,0,19.01,0.0,3,0.0,0,100,10,0.01,4.0,194,6.58,1.53,0.08,30,1.44,13280,15.75,2,0.01,39,0,0,18.62,0,1010,0.95,0.0
2026-06-09 17:00:00.000,77,14.27,0.0,0,18.64,0.0,3,0.0,0,100,19,0.01,3.68,195,5.74,1.56,0.11,30,1.36,11080,15.79,2,0.01,38,0,0,18.33,0,1010,0.93,0.0
2026-06-09 18:00:00.000,77,14.25,0.0,0,18.47,0.0,3,0.0,0,100,18,0.01,3.15,196,4.96,1.59,0.12,30,1.3,10270,16.17,2,0.0,38,0,0,18.19,0,1010,0.9,0.0
2026-06-09 19:00:00.000,77,14.3,0.0,0,18.63,0.0,3,0.0,0,99,31,0.01,2.9,196,4.71,1.64,0.11,29,1.29,9840,16.09,2,0.0,39,0,0,18.36,0,1010,0.86,0.0
2026-06-09 20:00:00.000,74,14.37,0.0,0,19.27,0.0,3,0.0,1,99,25,0.01,4.34,193,4.04,1.64,0.09,29,1.31,9830,16.17,2,0.0,42,0,0,18.98,0,1010,0.81,0.0
2026-06-09 21:00:00.000,70,14.38,0.0,36,20.3,27.4,3,0.0,1,99,28,0.03,3.65,190,4.07,1.63,0.07,29,1.36,10030,18.72,2,0.01,43,0,0,20.01,0,1011,0.8,88.78
2026-06-09 22:00:00.000,64,14.46,0.0,40,21.91,143.22,3,0.0,1,99,44,0.1,3.66,194,3.67,1.55,0.08,29,1.45,11430,22.13,3,0.05,38,0,0,21.52,0,1011,0.83,337.48
2026-06-09 23:00:00.000,58,14.4,0.0,40,23.46,268.33,3,0.0,1,99,76,0.19,3.78,208,3.89,1.5,0.1,29,1.57,13230,24.52,3,0.11,30,1,0,23.07,0,1011,0.88,597.78
2026-06-10 00:00:00.000,53,14.5,0.0,40,25.0,356.63,3,0.0,1,100,76,0.26,4.17,222,3.66,1.46,0.11,30,1.7,14030,26.56,4,0.18,27,2,0,24.54,0,1011,0.99,836.85
2026-06-10 01:00:00.000,50,14.7,0.0,40,26.73,602.63,3,0.0,1,99,12,0.42,2.9,273,6.04,1.26,0.11,29,1.82,24100,27.58,9,0.02,30,4,0,25.73,0,1010,1.18,1038.41
2026-06-10 02:00:00.000,47,14.53,0.0,40,28.11,727.04,3,0.0,1,99,11,0.52,3.29,285,6.02,1.65,0.1,29,1.96,24100,28.87,9,0.02,36,7,0,26.71,0,1010,1.42,1188.74
2026-06-10 03:00:00.000,45,14.34,0.0,40,28.75,797.62,3,0.0,1,99,11,0.57,3.6,291,6.0,2.01,0.09,29,2.06,24100,29.66,10,0.02,41,9,0,27.29,0,1010,1.61,1277.59
2026-06-10 04:00:00.000,44,14.28,0.0,40,28.73,823.46,3,0.0,1,99,8,0.6,3.78,295,5.93,2.33,0.09,29,2.14,24100,29.87,10,0.03,41,10,0,27.41,0,1010,1.72,1298.92
2026-06-10 05:00:00.000,45,14.41,0.0,40,28.11,789.25,3,0.0,1,99,5,0.57,3.88,298,5.86,2.62,0.1,29,2.19,24100,29.62,10,0.03,39,9,0,27.17,0,1009,1.78,1251.28
2026-06-10 06:00:00.000,47,14.6,0.0,40,27.15,706.32,3,0.0,1,99,4,0.51,3.9,301,5.9,2.73,0.09,29,2.19,24100,28.96,10,0.03,39,7,0,26.68,0,1009,1.8,1137.93
2026-06-10 07:00:00.000,50,14.81,0.0,40,25.81,567.61,3,0.0,1,99,4,0.41,3.84,304,6.16,2.59,0.08,29,2.09,24100,27.79,9,0.03,40,5,0,25.93,0,1009,1.78,966.58
2026-06-10 08:00:00.000,53,14.93,0.0,40,25.07,397.44,3,0.0,1,99,5,0.29,3.7,306,6.53,2.26,0.07,29,1.93,24100,26.29,8,0.03,42,3,0,25.01,0,1009,1.71,748.93
2026-06-10 09:00:00.000,56,15.01,0.0,40,24.57,228.97,3,0.0,1,99,7,0.17,3.5,302,6.8,1.81,0.05,29,1.78,24100,24.98,7,0.02,43,1,0,24.17,0,1009,1.61,499.79
2026-06-10 10:00:00.000,59,15.05,0.0,40,24.3,75.66,3,0.0,1,99,8,0.07,3.18,290,6.89,1.19,0.04,29,1.67,24100,23.97,6,0.02,40,0,0,23.45,0,1010,1.45,236.16
2026-06-10 11:00:00.000,62,15.1,0.0,20,24.01,6.96,3,0.0,0,99,9,0.02,2.8,244,6.89,0.65,0.03,29,1.57,24100,23.09,4,0.01,37,0,0,22.76,0,1010,1.26,38.99
2026-06-10 12:00:00.000,64,15.07,0.0,0,23.21,-0.35,3,0.0,0,99,11,0.01,2.5,189,6.8,0.91,0.02,29,1.48,24100,22.36,3,0.0,35,0,0,22.16,0,1011,1.11,0.0
2026-06-10 13:00:00.000,66,15.04,0.0,0,22.42,0.0,3,0.0,0,99,11,0.01,2.36,182,6.62,1.27,0.01,29,1.37,24100,21.74,2,0.0,34,0,0,21.62,0,1011,1.04,0.0
2026-06-10 14:00:00.000,68,15.04,0.0,0,21.78,0.0,3,0.0,0,99,12,0.01,2.31,187,6.36,1.43,0.01,29,1.27,24100,21.19,1,0.0,35,0,0,21.09,0,1011,1.02,0.0
2026-06-10 15:00:00.000,70,15.14,0.0,0,21.29,0.0,3,0.0,0,99,13,0.01,2.3,192,6.1,1.45,0.0,29,1.21,24100,20.67,1,0.0,36,0,0,20.58,0,1011,1.01,0.0
2026-06-10 16:00:00.000,73,15.27,0.0,0,20.87,0.0,3,0.0,0,100,13,0.01,2.31,196,5.86,1.4,0.0,30,1.2,24100,20.17,0,0.0,36,0,0,20.07,0,1011,1.0,0.0
2026-06-10 17:00:00.000,76,15.45,0.0,0,20.65,0.0,3,0.0,0,100,14,0.01,2.36,195,5.62,1.27,0.0,30,1.22,24100,19.82,0,0.0,38,0,0,19.69,0,1011,0.99,0.0
2026-06-10 18:00:00.000,76,15.58,0.0,0,20.82,0.0,3,0.0,0,100,15,0.0,2.4,195,5.4,1.16,0.0,30,1.25,24100,19.93,0,0.0,39,0,0,19.74,0,1011,1.0,0.0
2026-06-10 19:00:00.000,73,15.61,0.0,0,21.53,0.0,3,0.0,0,100,14,0.01,2.4,194,5.21,1.15,0.0,30,1.27,24100,20.71,0,0.0,39,0,0,20.42,0,1011,1.03,0.0
2026-06-10 20:00:00.000,68,15.44,0.0,0,22.51,-0.17,3,0.0,1,100,13,0.01,2.39,197,5.04,1.28,0.0,30,1.3,24100,21.99,0,0.0,38,0,0,21.57,0,1011,1.07,0.0
2026-06-10 21:00:00.000,62,15.15,0.0,36,23.52,17.85,3,0.0,1,100,12,0.05,2.4,199,4.9,1.4,0.0,30,1.36,24100,23.34,0,0.0,38,0,0,22.77,0,1011,1.12,88.71
2026-06-10 22:00:00.000,57,14.98,0.0,40,24.49,123.11,3,0.0,1,100,10,0.1,2.44,198,4.8,1.34,0.0,30,1.47,24100,24.5,0,0.0,37,0,0,23.76,0,1012,1.18,337.25
2026-06-10 23:00:00.000,55,14.98,0.0,40,25.51,263.28,3,0.0,1,100,9,0.19,2.51,199,4.73,1.07,0.01,30,1.62,24100,25.53,0,0.0,36,1,0,24.6,0,1012,1.24,597.41
2026-06-11 00:00:00.000,54,15.31,0.0,40,26.33,428.07,3,0.0,1,100,9,0.3,2.6,211,4.7,0.88,0.02,30,1.77,24100,26.36,1,0.01,36,2,0,25.16,0,1012,1.33,836.41
2026-06-11 01:00:00.000,52,15.44,0.0,40,27.29,573.64,3,0.0,1,100,8,0.4,2.72,241,4.7,0.7,0.04,30,1.91,24100,27.37,4,0.01,34,5,0,25.79,0,1012,1.45,1037.99
2026-06-11 02:00:00.000,50,15.37,0.0,40,28.59,694.48,3,0.0,1,100,8,0.49,2.86,273,4.74,0.8,0.06,30,2.06,24100,28.44,7,0.01,33,7,0,26.41,0,1012,1.59,1188.41
2026-06-11 03:00:00.000,49,15.27,0.0,40,29.29,763.78,3,0.0,1,100,9,0.54,3.0,289,4.8,1.03,0.08,30,2.22,24100,29.3,10,0.02,32,9,0,26.87,0,1011,1.72,1277.42
2026-06-11 04:00:00.000,47,15.32,0.0,40,29.71,790.65,3,0.0,1,100,9,0.56,3.17,296,4.9,1.25,0.1,30,2.42,24100,30.1,13,0.02,31,9,0,27.3,0,1011,1.84,1298.97
2026-06-11 05:00:00.000,47,15.5,0.0,40,29.74,759.49,3,0.0,1,100,10,0.55,3.33,303,5.01,1.47,0.12,30,2.61,24100,30.74,15,0.02,30,9,0,27.63,0,1011,1.95,1251.6
2026-06-11 06:00:00.000,48,15.74,0.0,40,29.24,681.21,3,0.0,1,100,11,0.49,3.4,307,5.1,1.54,0.14,30,2.69,24100,30.8,17,0.03,30,7,0,27.57,0,1011,2.0,1138.54
2026-06-11 07:00:00.000,51,16.0,0.0,40,28.08,547.41,3,0.0,1,100,11,0.39,3.3,311,5.12,1.38,0.16,30,2.59,24100,30.01,16,0.03,29,5,0,26.98,0,1011,1.98,967.49
2026-06-11 08:00:00.000,54,16.16,0.0,40,27.48,383.11,3,0.0,1,100,12,0.27,3.1,313,5.11,1.03,0.18,30,2.38,24100,28.71,14,0.02,29,3,0,26.08,0,1011,1.9,750.13
2026-06-11 09:00:00.000,57,16.26,0.0,40,26.93,220.9,3,0.0,1,100,13,0.15,2.9,306,5.1,0.65,0.2,30,2.16,24100,27.41,12,0.02,30,1,0,25.22,0,1011,1.81,501.25
2026-06-11 10:00:00.000,60,16.3,0.0,40,26.41,73.8,3,0.0,1,100,13,0.05,2.73,265,5.1,0.26,0.22,30,1.97,24100,26.13,9,0.02,30,0,0,24.41,0,1011,1.71,237.82
2026-06-11 11:00:00.000,63,16.3,0.0,20,25.43,6.92,3,0.0,0,100,14,0.02,2.55,171,5.09,0.48,0.24,30,1.78,24100,24.8,7,0.01,31,0,0,23.58,0,1011,1.6,39.86
2026-06-11 12:00:00.000,66,16.22,0.0,0,24.34,-0.35,3,0.0,0,100,15,0.01,2.4,158,5.1,0.97,0.24,30,1.63,24100,23.67,5,0.01,32,0,0,22.87,0,1012,1.5,0.0
2026-06-11 13:00:00.000,68,16.14,0.0,0,23.55,0.0,3,0.0,0,100,15,0.01,2.27,163,5.13,1.19,0.21,30,1.51,24100,22.81,4,0.01,31,0,0,22.27,0,1011,1.42,0.0
2026-06-11 14:00:00.000,70,16.07,0.0,0,22.94,0.0,3,0.0,0,100,15,0.01,2.17,172,5.16,1.21,0.17,30,1.41,24100,22.07,3,0.01,31,0,0,21.7,0,1011,1.35,0.0
2026-06-11 15:00:00.000,72,16.14,0.0,0,22.51,0.0,3,0.0,0,100,15,0.01,2.1,180,5.2,1.12,0.12,30,1.35,24100,21.42,2,0.0,31,0,0,21.17,0,1011,1.3,0.0
2026-06-11 16:00:00.000,75,16.29,0.0,0,22.19,0.0,3,0.0,0,100,14,0.0,2.07,184,5.26,0.98,0.08,30,1.33,24100,20.86,2,0.0,31,0,0,20.7,0,1011,1.25,0.0
2026-06-11 17:00:00.000,78,16.51,0.0,0,22.09,0.0,3,0.0,0,100,14,0.0,2.08,179,5.32,0.8,0.04,30,1.35,24100,20.5,2,0.0,31,0,0,20.38,0,1011,1.22,0.0
2026-06-11 18:00:00.000,78,16.66,0.0,0,22.33,0.0,3,0.0,0,100,14,0.0,2.1,170,5.3,0.62,0.01,30,1.36,24100,20.59,3,0.0,32,0,0,20.44,0,1011,1.21,0.0
2026-06-11 19:00:00.000,75,16.63,0.0,0,23.0,0.0,3,0.0,0,100,12,0.0,2.12,161,5.14,0.54,0.02,30,1.33,24100,21.33,2,0.0,32,0,0,21.05,0,1011,1.23,0.0
2026-06-11 20:00:00.000,70,16.36,0.0,0,23.93,-0.17,3,0.0,1,100,10,0.0,2.15,165,4.9,0.52,0.02,30,1.29,24100,22.55,2,0.0,33,0,0,22.08,0,1011,1.29,0.0
2026-06-11 21:00:00.000,64,16.01,0.0,36,24.85,15.11,3,0.0,1,100,9,0.03,2.2,164,4.7,0.54,0.03,30,1.28,24100,23.83,1,0.0,35,0,0,23.16,0,1011,1.36,88.64
2026-06-11 22:00:00.000,60,15.82,0.0,40,25.66,104.96,3,0.0,1,100,7,0.08,2.29,148,4.54,0.5,0.03,30,1.34,24100,24.91,1,0.0,36,0,0,24.03,0,1012,1.44,337.02
2026-06-11 23:00:00.000,57,15.82,0.0,40,26.39,221.44,3,0.0,1,100,6,0.15,2.39,111,4.43,0.47,0.04,30,1.43,24100,25.83,1,0.0,37,1,0,24.74,0,1012,1.55,597.04
2026-06-12 00:00:00.000,57,16.16,0.0,40,27.0,359.9,3,0.0,1,100,5,0.25,2.5,83,4.5,0.45,0.04,30,1.56,24100,26.44,1,0.0,38,2,0,25.18,0,1012,1.71,835.99
2026-06-12 01:00:00.000,56,16.41,0.0,40,27.56,486.5,3,0.0,1,100,4,0.34,2.6,46,4.84,0.54,0.05,30,1.71,24100,27.06,4,0.01,37,4,0,25.71,0,1012,1.95,1037.57
2026-06-12 02:00:00.000,55,16.52,0.0,40,28.31,593.64,3,0.0,1,100,4,0.42,2.69,26,5.37,0.68,0.05,30,1.88,24100,27.62,9,0.01,36,7,0,26.23,0,1011,2.25,1188.08
2026-06-12 03:00:00.000,54,16.56,0.0,40,29.06,655.52,3,0.0,1,100,5,0.47,2.8,17,5.9,0.77,0.07,30,2.05,24100,28.01,14,0.02,36,9,0,26.62,0,1011,2.52,1277.26
2026-06-12 04:00:00.000,53,16.61,0.0,40,29.6,681.73,3,0.0,1,100,5,0.49,2.94,13,6.46,0.79,0.09,30,2.22,24100,28.36,18,0.02,35,10,0,26.98,0,1011,2.77,1299.03
2026-06-12 05:00:00.000,52,16.73,0.0,40,29.75,656.56,3,0.0,1,100,7,0.47,3.09,11,7.04,0.8,0.12,30,2.39,24100,28.59,23,0.02,35,9,0,27.26,0,1011,3.0,1251.93
2026-06-12 06:00:00.000,53,16.92,0.0,40,29.35,590.33,3,0.0,1,100,8,0.42,3.2,13,7.4,0.76,0.15,30,2.48,24100,28.43,27,0.03,35,8,0,27.18,0,1010,3.11,1139.16
2026-06-12 07:00:00.000,56,17.23,0.0,40,28.74,470.89,3,0.0,1,100,7,0.33,3.26,20,7.42,0.65,0.16,30,2.44,24100,27.72,27,0.03,34,5,0,26.62,0,1010,3.05,968.41
2026-06-12 08:00:00.000,60,17.48,0.0,40,28.17,325.84,3,0.0,1,100,7,0.23,3.29,37,7.23,0.43,0.16,30,2.32,24100,26.7,26,0.03,34,3,0,25.79,0,1010,2.88,751.33
2026-06-12 09:00:00.000,63,17.61,0.0,40,27.55,186.06,3,0.0,1,100,7,0.12,3.3,92,7.0,0.28,0.17,30,2.19,24100,25.72,25,0.02,34,1,0,25.0,0,1010,2.68,502.71
2026-06-12 10:00:00.000,66,17.6,0.0,40,26.59,61.55,3,0.0,1,100,7,0.05,3.33,135,6.76,0.58,0.19,30,2.06,24100,24.8,23,0.02,33,0,0,24.26,0,1010,2.46,239.48
2026-06-12 11:00:00.000,69,17.53,0.0,21,25.49,5.74,3,0.0,0,100,8,0.03,3.34,142,6.48,1.05,0.22,30,1.91,24100,23.86,22,0.02,34,0,0,23.52,0,1010,2.21,40.72
2026-06-12 12:00:00.000,71,17.37,0.0,0,24.47,-0.35,3,0.0,0,100,10,0.01,3.3,144,6.2,1.47,0.26,30,1.77,24100,23.07,20,0.02,34,0,0,22.87,0,1010,2.0,0.0
2026-06-12 13:00:00.000,72,17.22,0.0,0,23.76,0.0,3,0.0,0,100,13,0.02,3.16,149,5.94,1.61,0.33,30,1.64,24100,22.43,18,0.01,33,0,0,22.31,0,1010,1.84,0.0
2026-06-12 14:00:00.000,74,17.09,0.0,0,23.23,0.0,3,0.0,0,100,16,0.01,2.97,154,5.68,1.51,0.41,30,1.51,24100,21.86,16,0.01,33,0,0,21.78,0,1010,1.72,0.0
2026-06-12 15:00:00.000,76,17.07,0.0,0,22.86,0.0,3,0.0,0,100,21,0.01,2.8,158,5.4,1.31,0.49,30,1.41,24100,21.35,14,0.01,33,0,0,21.27,0,1010,1.62,0.0
2026-06-12 16:00:00.000,79,17.12,0.0,0,22.58,0.0,3,0.0,0,100,25,0.0,2.67,157,5.13,1.09,0.57,30,1.36,24100,20.92,13,0.01,33,0,0,20.81,0,1009,1.54,0.0
2026-06-12 17:00:00.000,81,17.24,0.0,0,22.44,0.0,15,0.0,0,100,30,0.0,2.56,145,4.84,0.91,0.65,30,1.35,24100,20.66,12,0.01,33,0,0,20.5,0,1009,1.49,0.0
2026-06-12 18:00:00.000,81,17.33,0.0,0,22.59,0.0,15,0.0,0,100,34,0.0,2.5,130,4.4,0.79,0.7,30,1.35,24100,20.8,11,0.0,33,0,0,20.53,0,1009,1.5,0.0
2026-06-12 19:00:00.000,79,17.35,0.0,0,23.17,0.0,3,0.0,0,100,35,0.0,2.52,121,3.69,0.75,0.71,30,1.35,24100,21.52,10,0.0,32,0,0,21.07,0,1009,1.6,0.0
2026-06-12 20:00:00.000,74,17.2,0.0,0,24.09,-0.17,3,0.0,1,100,36,0.0,2.59,125,2.81,0.68,0.7,30,1.38,24100,22.67,10,0.0,31,0,0,22.0,0,1009,1.76,0.0
2026-06-12 21:00:00.000,69,17.02,0.0,36,24.99,12.06,3,0.0,1,100,37,0.03,2.7,127,2.0,0.69,0.69,30,1.42,24100,23.89,10,0.0,31,0,0,22.98,0,1009,1.95,88.57
2026-06-12 22:00:00.000,65,17.0,0.0,40,25.72,87.63,3,0.0,1,100,37,0.07,2.86,116,1.24,0.73,0.67,30,1.49,24099,24.91,10,0.0,31,0,0,23.76,0,1009,2.15,336.8
2026-06-12 23:00:00.000,64,17.17,0.0,40,26.34,187.14,3,0.0,1,100,37,0.14,3.04,94,0.53,0.84,0.64,30,1.59,24099,25.79,10,0.0,31,1,0,24.38,0,1009,2.37,596.68
2026-06-13 00:00:00.000,64,17.6,0.0,40,26.92,311.93,3,0.0,1,100,37,0.22,3.2,80,0.1,0.86,0.61,30,1.7,24100,26.42,13,0.01,32,2,0,24.78,0,1009,2.61,835.56
2026-06-13 01:00:00.000,63,17.86,0.0,40,27.54,429.38,3,0.0,1,100,36,0.31,3.29,59,0.1,0.92,0.56,30,1.85,24103,27.18,16,0.01,33,5,0,25.33,0,1009,2.87,1037.17
2026-06-13 02:00:00.000,61,17.95,0.0,40,28.1,532.54,3,0.0,1,100,35,0.38,3.35,44,0.37,1.0,0.5,30,2.02,24107,27.95,22,0.01,34,7,0,25.91,0,1008,3.15,1187.76
2026-06-13 03:00:00.000,60,17.99,0.0,40,28.84,595.44,3,0.0,1,100,35,0.43,3.4,37,0.7,1.05,0.45,30,2.19,24110,28.56,27,0.02,36,9,0,26.37,0,1008,3.39,1277.1
2026-06-13 04:00:00.000,59,18.14,0.0,40,29.54,626.99,3,0.0,1,100,34,0.45,3.45,34,1.1,1.04,0.41,30,2.38,24114,29.12,32,0.02,37,10,0,26.81,0,1008,3.6,1299.1
2026-06-13 05:00:00.000,58,18.37,0.0,40,29.91,610.38,3,0.0,1,100,33,0.44,3.49,32,1.56,1.05,0.38,30,2.55,24115,29.56,37,0.02,39,9,0,27.18,0,1007,3.77,1252.26
2026-06-13 06:00:00.000,59,18.61,0.0,40,29.69,554.63,3,0.0,1,100,33,0.4,3.5,34,1.8,1.02,0.39,30,2.62,24100,29.53,41,0.02,40,8,0,27.18,0,1007,3.8,1139.78
2026-06-13 07:00:00.000,62,18.83,0.0,40,29.31,445.68,3,0.0,1,100,33,0.32,3.46,41,1.64,0.95,0.43,30,2.52,24053,28.85,41,0.02,39,5,0,26.69,0,1007,3.63,969.34
2026-06-13 08:00:00.000,65,18.94,0.0,40,28.7,310.53,3,0.0,1,100,33,0.22,3.38,56,1.25,0.8,0.49,30,2.32,23989,27.78,40,0.02,38,3,0,25.91,0,1007,3.33,752.54
2026-06-13 09:00:00.000,68,18.98,0.0,40,28.06,178.97,3,0.0,1,100,34,0.13,3.3,82,0.9,0.68,0.57,30,2.13,23930,26.73,39,0.02,38,1,0,25.17,0,1007,3.01,504.17
2026-06-13 10:00:00.000,71,18.95,0.0,40,27.24,60.07,3,0.0,1,100,34,0.05,3.23,113,0.62,0.86,0.66,30,1.97,23874,25.73,37,0.02,36,0,0,24.48,0,1008,2.67,241.15
2026-06-13 11:00:00.000,74,18.88,0.0,21,26.21,5.74,3,0.0,0,100,35,0.03,3.16,129,0.37,1.27,0.76,30,1.81,23822,24.69,35,0.01,35,0,0,23.78,0,1008,2.3,41.58
2026-06-13 12:00:00.000,76,18.73,0.0,0,25.24,-0.35,3,0.0,0,100,36,0.01,3.1,136,0.3,1.66,0.86,30,1.7,23800,23.82,32,0.01,35,0,0,23.16,0,1008,2.0,0.0
2026-06-13 13:00:00.000,77,18.55,0.0,0,24.55,0.0,3,0.0,0,100,35,0.01,3.06,141,0.49,1.75,0.96,30,1.64,23822,23.12,28,0.01,34,0,0,22.61,0,1008,1.81,0.0
2026-06-13 14:00:00.000,79,18.38,0.0,0,24.04,0.0,3,0.0,0,100,33,0.01,3.02,146,0.86,1.58,1.06,30,1.62,23874,22.5,25,0.01,34,0,0,22.06,0,1007,1.68,0.0
2026-06-13 15:00:00.000,81,18.34,0.0,0,23.71,0.0,15,0.0,0,100,32,0.0,3.0,148,1.3,1.31,1.15,30,1.64,23930,21.95,22,0.0,34,0,0,21.55,0,1007,1.59,0.0
2026-06-13 16:00:00.000,84,18.43,0.0,0,23.47,0.0,15,0.0,0,100,30,0.0,2.99,143,1.79,1.04,1.24,30,1.73,23989,21.47,19,0.0,34,0,0,21.09,0,1007,1.52,0.0
2026-06-13 17:00:00.000,87,18.61,0.0,0,23.36,0.0,15,0.0,0,100,29,0.0,3.0,123,2.34,0.88,1.31,30,1.85,24053,21.18,16,0.0,34,0,0,20.77,0,1007,1.49,0.0
2026-06-13 18:00:00.000,87,18.76,0.0,0,23.52,0.0,15,0.0,0,100,27,0.0,3.0,105,2.9,0.83,1.35,30,1.92,24100,21.29,14,0.0,35,0,0,20.84,0,1007,1.5,0.0
2026-06-13 19:00:00.000,84,18.81,0.0,0,24.19,0.0,15,0.0,0,100,24,0.0,2.99,100,3.47,0.8,1.35,30,1.87,24115,21.98,12,0.0,35,0,0,21.46,0,1007,1.57,0.0
2026-06-13 20:00:00.000,79,18.69,0.0,0,25.27,-0.17,3,0.0,1,100,20,0.0,2.98,109,4.06,0.67,1.31,30,1.77,24114,23.12,11,0.0,36,0,0,22.51,0,1007,1.69,0.0
2026-06-13 21:00:00.000,73,18.51,0.0,36,26.31,12.77,3,0.0,1,100,18,0.03,3.0,120,4.6,0.63,1.27,30,1.7,24110,24.33,10,0.0,37,0,0,23.6,0,1007,1.84,88.51
2026-06-13 22:00:00.000,69,18.46,0.0,40,27.17,93.88,3,0.0,1,100,15,0.07,3.07,111,5.14,0.62,1.21,30,1.7,24107,25.35,10,0.0,38,0,0,24.48,0,1007,2.0,336.58
2026-06-13 23:00:00.000,66,18.58,0.0,40,27.91,204.64,3,0.0,1,100,14,0.15,3.17,85,5.64,0.69,1.13,30,1.73,24103,26.23,11,0.0,39,1,0,25.21,0,1007,2.18,596.33
2026-06-14 00:00:00.000,66,18.94,0.0,40,28.55,344.81,3,0.0,1,100,14,0.24,3.3,68,5.9,0.69,1.05,30,1.84,24100,26.89,14,0.01,40,2,0,25.68,0,1007,2.4,835.15
2026-06-14 01:00:00.000,65,19.18,0.0,40,29.18,466.07,3,0.0,1,100,15,0.33,3.46,50,5.78,0.73,0.94,30,2.05,24099,27.72,18,0.01,39,4,0,26.23,0,1007,2.67,1036.77
2026-06-14 02:00:00.000,63,19.26,0.0,40,29.89,568.66,3,0.0,1,100,17,0.41,3.63,41,5.43,0.74,0.83,30,2.33,24099,28.58,25,0.01,39,6,0,26.78,0,1007,2.98,1187.46
2026-06-14 03:00:00.000,62,19.3,0.0,40,30.75,627.25,3,0.0,1,100,20,0.45,3.8,38,5.1,0.69,0.73,30,2.61,24100,29.27,31,0.02,39,8,0,27.2,0,1007,3.24,1276.96
2026-06-14 04:00:00.000,61,19.4,0.0,40,31.41,651.81,6,0.0,1,100,23,0.47,3.97,44,4.8,0.6,0.64,30,2.91,24100,29.92,37,0.02,38,9,10,27.6,0,1007,3.47,1299.18
2026-06-14 05:00:00.000,60,19.6,0.0,40,31.69,626.91,6,0.0,1,100,26,0.46,4.13,53,4.53,0.56,0.55,30,3.21,24100,30.44,43,0.03,39,9,10,27.91,0,1007,3.66,1252.6
2026-06-14 06:00:00.000,61,19.79,0.0,40,31.35,562.97,6,0.0,1,100,30,0.41,4.2,63,4.5,0.53,0.5,30,3.36,24100,30.46,47,0.03,39,7,10,27.88,0,1007,3.71,1140.42
2026-06-14 07:00:00.000,64,20.0,0.0,40,30.89,452.94,6,0.0,1,100,31,0.33,4.13,70,4.87,0.51,0.48,30,3.27,24100,29.75,47,0.03,38,5,10,27.38,0,1007,3.53,970.27
2026-06-14 08:00:00.000,67,20.11,0.0,40,30.23,316.26,6,0.0,1,100,32,0.22,3.97,87,5.48,0.44,0.48,30,3.04,24100,28.62,45,0.03,38,3,11,26.62,0,1007,3.21,753.76
2026-06-14 09:00:00.000,70,20.14,0.0,40,29.53,182.84,6,0.0,1,100,34,0.13,3.8,119,6.1,0.43,0.52,30,2.8,24100,27.51,42,0.02,38,1,11,25.9,0,1007,2.86,505.64
2026-06-14 10:00:00.000,73,20.05,0.0,40,28.67,61.92,6,0.0,1,100,36,0.05,3.63,140,6.76,0.65,0.59,30,2.61,24100,26.44,39,0.02,37,0,10,25.24,0,1007,2.49,242.81
2026-06-14 11:00:00.000,75,19.9,0.0,21,27.7,6.01,3,0.0,0,100,39,0.03,3.46,146,7.42,0.96,0.69,30,2.41,24100,25.34,35,0.02,37,0,0,24.56,0,1008,2.11,42.45
2026-06-14 12:00:00.000,77,19.72,0.0,0,26.8,-0.35,3,0.0,0,100,45,0.01,3.3,149,7.8,1.28,0.85,30,2.25,24100,24.43,32,0.01,38,0,0,23.97,0,1008,1.8,0.0
2026-06-14 13:00:00.000,79,19.62,0.0,0,26.15,0.0,3,0.0,0,100,55,0.01,3.17,155,7.7,1.39,1.1,30,2.12,24100,23.75,28,0.01,37,0,0,23.45,0,1008,1.63,0.0
2026-06-14 14:00:00.000,81,19.56,0.0,0,25.65,0.0,15,0.0,0,100,68,0.0,3.07,164,7.3,1.32,1.41,30,2.03,24100,23.17,24,0.01,37,0,0,22.93,0,1008,1.54,0.0
2026-06-14 15:00:00.000,83,19.6,0.0,0,25.32,0.0,15,0.0,0,100,82,0.0,3.0,170,6.9,1.13,1.73,30,1.97,24100,22.66,21,0.01,38,0,0,22.44,0,1008,1.49,0.0
2026-06-14 16:00:00.000,86,19.7,0.0,0,25.1,0.0,15,0.0,0,100,95,0.0,2.98,172,6.52,0.88,2.06,30,1.98,24100,22.22,18,0.0,38,0,0,22.0,0,1008,1.46,0.0
2026-06-14 17:00:00.000,89,19.87,0.0,0,25.06,0.0,15,0.0,0,100,108,0.0,3.0,158,6.13,0.61,2.39,30,2.02,24100,21.97,16,0.0,38,0,0,21.69,0,1007,1.47,0.0
2026-06-14 18:00:00.000,89,20.01,0.0,0,25.3,0.0,15,0.0,0,100,117,0.0,3.0,136,5.9,0.43,2.68,30,2.02,24100,22.1,14,0.0,39,0,0,21.74,0,1008,1.5,0.0
2026-06-14 19:00:00.000,87,20.06,0.0,0,25.95,0.0,15,0.0,0,100,118,0.0,2.96,124,5.96,0.37,2.92,30,1.96,24100,22.8,12,0.0,38,0,0,22.31,0,1008,1.55,0.0
2026-06-14 20:00:00.000,81,19.96,0.0,0,26.9,-0.17,15,0.0,1,100,114,0.0,2.91,142,6.18,0.31,3.13,30,1.86,24100,23.92,11,0.0,38,0,0,23.28,0,1008,1.63,0.0
2026-06-14 21:00:00.000,76,19.81,0.0,36,27.8,11.87,3,0.0,1,100,111,0.02,2.9,156,6.4,0.35,3.27,30,1.8,24100,25.09,10,0.0,38,0,0,24.28,0,1008,1.74,88.35
2026-06-14 22:00:00.000,72,19.78,0.0,40,28.57,86.12,3,0.0,1,100,107,0.06,2.93,139,6.65,0.37,3.38,30,1.79,24100,26.05,11,0.0,38,0,0,25.07,0,1008,1.86,336.17
2026-06-14 23:00:00.000,70,19.9,0.0,40,29.22,183.09,3,0.0,1,100,102,0.13,2.99,101,6.9,0.43,3.44,30,1.82,24100,26.85,11,0.0,38,1,0,25.71,0,1008,2.0,595.8
2026-06-15 00:00:00.000,70,20.27,0.0,40,29.77,304.47,3,0.0,1,100,101,0.22,3.1,83,6.9,0.45,3.37,30,1.92,24100,27.35,14,0.0,38,2,0,26.08,0,1009,2.21,834.58
2026-06-15 01:00:00.000,69,20.52,0.0,40,30.34,412.78,3,0.0,1,100,104,0.3,3.29,58,6.5,0.48,3.1,30,2.11,24100,27.88,18,0.01,37,5,0,26.55,0,1009,2.52,1036.24
2026-06-15 02:00:00.000,68,20.64,0.0,40,30.86,502.26,6,0.0,1,100,110,0.36,3.54,45,5.85,0.5,2.71,30,2.37,24100,28.37,23,0.01,36,6,30,27.01,0,1008,2.89,1187.04
2026-06-15 03:00:00.000,67,20.7,0.0,12,31.26,417.5,9,0.0,1,100,116,0.31,3.8,44,5.2,0.47,2.31,73,2.62,24100,28.72,28,0.01,35,7,73,27.36,0,1008,3.22,1276.72
2026-06-15 04:00:00.000,66,20.79,0.0,0,31.67,351.68,22,0.0,1,100,121,0.27,4.09,59,4.58,0.41,1.88,100,2.91,24100,29.03,34,0.02,34,6,100,27.69,0,1008,3.52,1299.16
2026-06-15 05:00:00.000,65,20.94,0.0,0,32.0,338.59,22,0.0,1,100,127,0.26,4.39,80,3.96,0.42,1.44,100,3.19,24100,29.25,39,0.02,33,5,100,27.94,0,1008,3.79,1252.85
2026-06-15 06:00:00.000,66,21.06,0.0,0,31.95,303.95,22,0.0,1,100,131,0.24,4.6,97,3.5,0.48,1.09,100,3.34,24100,29.11,44,0.02,33,3,100,27.88,0,1008,3.9,1140.94
2026-06-15 07:00:00.000,68,21.15,0.0,0,31.46,236.93,22,0.0,1,100,129,0.19,4.67,107,3.28,0.54,0.88,100,3.27,24100,28.49,46,0.02,31,1,100,27.38,0,1008,3.77,971.05
2026-06-15 08:00:00.000,71,21.13,0.0,0,30.66,155.65,22,0.0,1,100,125,0.13,4.64,123,3.21,0.61,0.76,100,3.06,24100,27.61,46,0.02,30,1,100,26.64,0,1008,3.49,754.77
2026-06-15 09:00:00.000,74,21.08,0.0,0,29.83,85.03,22,0.0,1,100,121,0.08,4.6,142,3.2,0.78,0.68,100,2.86,24100,26.77,47,0.02,29,0,100,25.95,0,1008,3.17,506.83
2026-06-15 10:00:00.000,76,20.98,0.0,0,28.92,26.23,22,0.0,1,100,116,0.04,4.55,149,3.23,1.11,0.63,100,2.7,24100,25.99,47,0.02,28,0,100,25.32,0,1008,2.82,244.12
2026-06-15 11:00:00.000,79,20.86,0.0,0,27.93,2.26,22,0.0,0,100,111,0.04,4.48,151,3.31,1.52,0.63,100,2.53,24100,25.21,46,0.02,27,0,100,24.69,0,1009,2.44,43.11
2026-06-15 12:00:00.000,81,20.72,0.0,0,27.06,-0.35,22,0.0,0,100,108,0.01,4.4,153,3.4,1.9,0.63,100,2.39,24100,24.56,45,0.02,27,0,100,24.16,0,1009,2.11,0.0
2026-06-15 13:00:00.000,83,20.67,0.0,0,26.48,0.0,22,0.0,0,100,107,0.01,4.3,159,3.49,2.06,0.6,100,2.24,24100,24.05,42,0.01,27,0,100,23.71,0,1009,1.88,0.0
2026-06-15 14:00:00.000,85,20.68,0.0,0,26.07,0.0,9,0.0,0,100,108,0.01,4.19,167,3.6,2.04,0.58,65,2.11,24100,23.59,38,0.01,28,0,65,23.28,0,1009,1.7,0.0
2026-06-15 15:00:00.000,87,20.77,0.0,0,25.79,0.0,6,0.0,0,100,109,0.0,4.1,174,3.7,1.93,0.61,30,2.02,24100,23.16,35,0.01,29,0,13,22.87,0,1009,1.56,0.0
2026-06-15 16:00:00.000,90,20.93,0.0,0,25.6,0.0,15,0.0,0,100,110,0.0,4.04,178,3.83,1.77,0.68,30,2.01,24100,22.78,31,0.01,30,0,0,22.5,0,1008,1.44,0.0
2026-06-15 17:00:00.000,93,21.15,0.0,0,25.61,0.0,15,0.0,0,100,111,0.0,4.0,177,3.96,1.58,0.81,30,2.06,24100,22.54,28,0.01,31,0,0,22.25,0,1008,1.35,0.0
2026-06-15 18:00:00.000,93,21.31,0.0,0,25.89,0.0,15,0.0,0,100,111,0.0,4.0,176,4.0,1.42,1.07,30,2.14,24100,22.64,25,0.0,32,0,0,22.34,0,1008,1.3,0.0
2026-06-15 19:00:00.000,90,21.33,0.0,0,26.51,0.0,15,0.0,0,100,108,0.0,4.06,177,3.9,1.36,1.55,30,2.27,24100,23.21,23,0.0,32,0,0,22.91,0,1008,1.31,0.0
2026-06-15 20:00:00.000,85,21.17,0.0,0,27.31,-0.17,15,0.0,1,100,105,0.0,4.17,183,3.71,1.43,2.16,30,2.44,24100,24.15,23,0.0,32,0,0,23.84,0,1009,1.36,0.0
2026-06-15 21:00:00.000,79,20.94,0.0,35,28.08,8.97,6,0.0,1,100,102,0.04,4.3,185,3.5,1.53,2.74,30,2.62,24100,25.13,23,0.0,33,0,11,24.8,0,1009,1.45,88.04
2026-06-15 22:00:00.000,75,20.8,0.0,20,28.77,54.62,9,0.0,1,100,98,0.07,4.46,183,3.29,1.5,3.3,61,2.84,24100,25.9,23,0.0,33,0,61,25.54,0,1009,1.56,335.5
2026-06-15 23:00:00.000,72,20.78,0.0,0,29.45,76.87,22,0.0,1,100,96,0.09,4.63,177,3.06,1.3,3.82,100,3.07,24100,26.51,24,0.0,33,1,100,26.1,0,1009,1.7,595.07
2026-06-16 00:00:00.000,72,21.01,0.0,0,29.96,148.9,22,0.0,1,100,94,0.13,4.8,177,2.8,1.15,4.1,100,3.26,24100,26.88,26,0.01,34,2,100,26.38,0,1009,1.9,833.86
2026-06-16 01:00:00.000,71,21.18,0.0,0,30.57,212.65,22,0.0,1,100,93,0.17,4.95,179,2.49,0.89,4.0,100,3.39,24100,27.37,29,0.01,34,4,100,26.71,0,1009,2.19,1035.6
2026-06-16 02:00:00.000,70,21.26,0.0,0,31.04,271.85,22,0.0,1,100,93,0.21,5.09,182,2.14,0.72,3.66,100,3.48,24100,27.88,33,0.01,34,6,100,27.02,0,1009,2.54,1186.55
2026-06-16 03:00:00.000,70,21.29,0.0,0,31.3,304.66,22,0.0,1,100,94,0.24,5.2,185,1.8,0.67,3.26,100,3.56,24100,28.27,37,0.01,34,8,100,27.23,0,1009,2.85,1276.43
2026-06-16 04:00:00.000,69,21.36,0.0,0,31.48,323.05,22,0.0,1,100,95,0.25,5.3,186,1.49,0.75,2.83,100,3.66,24100,28.64,41,0.02,34,9,100,27.43,0,1009,3.14,1299.11
2026-06-16 05:00:00.000,69,21.51,0.0,0,31.63,312.05,22,0.0,1,100,96,0.24,5.39,184,1.18,0.85,2.34,100,3.75,24100,28.94,46,0.02,34,8,100,27.58,0,1008,3.4,1253.07
2026-06-16 06:00:00.000,70,21.63,0.0,0,31.52,280.98,22,0.0,1,100,99,0.22,5.4,181,0.9,0.97,1.93,100,3.74,24100,28.9,48,0.02,34,7,100,27.48,0,1008,3.5,1141.43
2026-06-16 07:00:00.000,72,21.73,0.0,0,31.1,222.41,22,0.0,1,100,101,0.18,5.31,176,0.63,1.06,1.62,100,3.58,24100,28.4,49,0.02,33,5,100,27.06,0,1008,3.36,971.8
2026-06-16 08:00:00.000,75,21.74,0.0,10,30.39,181.4,21,0.0,1,100,103,0.15,5.16,173,0.38,1.25,1.38,78,3.33,24100,27.64,47,0.02,33,3,78,26.48,0,1008,3.07,755.74
2026-06-16 09:00:00.000,77,21.74,0.0,36,29.67,139.38,6,0.0,1,100,107,0.11,5.0,173,0.2,1.52,1.19,37,3.09,24100,26.93,46,0.01,33,1,37,25.96,0,1009,2.74,507.99
2026-06-16 10:00:00.000,79,21.71,0.0,29,28.95,43.54,9,0.0,1,100,110,0.06,4.86,171,0.1,1.89,1.04,47,2.9,24100,26.27,44,0.01,33,0,47,25.51,0,1009,2.39,245.4
2026-06-16 11:00:00.000,81,21.68,0.0,20,28.2,4.6,6,0.0,1,100,115,0.04,4.73,169,0.06,2.3,0.93,35,2.72,24100,25.6,42,0.01,33,0,35,25.06,0,1009,2.02,43.77
2026-06-16 12:00:00.000,83,21.61,0.0,0,27.51,-0.35,6,0.0,0,100,120,0.02,4.6,168,0.1,2.66,0.93,30,2.55,24100,25.03,41,0.01,33,0,30,24.66,0,1009,1.71,0.0
2026-06-16 13:00:00.000,84,21.53,0.0,0,26.99,0.0,6,0.0,0,100,125,0.02,4.49,170,0.24,2.78,1.09,35,2.38,24100,24.54,39,0.01,32,0,35,24.27,0,1009,1.51,0.0
2026-06-16 14:00:00.000,86,21.47,0.0,0,26.59,0.0,9,0.0,0,100,132,0.01,4.38,175,0.46,2.7,1.36,47,2.22,24100,24.06,38,0.0,30,0,47,23.85,0,1009,1.37,0.0
2026-06-16 15:00:00.000,88,21.5,0.0,0,26.31,0.0,9,0.0,0,100,139,0.01,4.3,180,0.7,2.52,1.65,60,2.1,24100,23.6,37,0.0,30,0,60,23.42,0,1008,1.28,0.0
2026-06-16 16:00:00.000,91,21.6,0.0,0,26.12,0.0,9,0.0,0,100,145,0.0,4.24,182,0.98,2.3,1.95,74,2.06,24048,23.17,37,0.0,29,0,74,23.02,0,1008,1.21,0.0
2026-06-16 17:00:00.000,94,21.76,0.0,0,26.09,0.0,22,0.0,0,100,152,0.0,4.2,181,1.28,2.04,2.28,89,2.06,23997,22.87,36,0.0,29,0,89,22.73,0,1008,1.18,0.0
2026-06-16 18:00:00.000,94,21.88,0.0,0,26.33,0.0,22,0.0,0,100,159,0.0,4.2,180,1.5,1.82,2.54,100,2.11,24100,22.89,36,0.0,29,0,100,22.74,0,1008,1.21,0.0
2026-06-16 19:00:00.000,92,21.9,0.0,0,26.89,0.0,22,0.0,0,100,164,0.0,4.23,180,1.6,1.7,2.7,100,2.19,24560,23.38,37,0.0,28,0,100,23.2,0,1008,1.3,0.0
2026-06-16 20:00:00.000,87,21.77,0.0,0,27.62,-0.17,22,0.0,1,100,169,0.0,4.3,185,1.61,1.7,2.81,100,2.3,25173,24.24,37,0.0,28,0,100,24.02,0,1008,1.45,0.0
2026-06-16 21:00:00.000,82,21.59,0.0,0,28.33,2.36,22,0.0,1,100,174,0.04,4.4,188,1.6,1.74,2.87,100,2.44,25480,25.12,38,0.0,29,0,100,24.85,0,1008,1.62,87.74
2026-06-16 22:00:00.000,78,21.52,0.0,0,28.97,27.82,22,0.0,1,100,177,0.05,4.53,187,1.58,1.64,2.92,100,2.64,25584,25.78,39,0.0,29,0,100,25.46,0,1008,1.81,334.83
2026-06-16 23:00:00.000,77,21.57,0.0,0,29.62,57.91,22,0.0,1,100,180,0.07,4.7,184,1.53,1.37,2.93,100,2.87,25382,26.26,40,0.0,30,1,100,25.89,0,1008,2.03,594.34
2026-06-17 00:00:00.000,77,21.81,0.0,0,30.09,113.27,22,0.0,1,100,181,0.1,4.9,187,1.4,1.16,2.89,100,3.08,24100,26.47,41,0.01,31,2,100,26.08,0,1009,2.3,833.14
