time,relativehumidity,dewpointtemperature,precipitation,sunshinetime,felttemperature,ghi_backwards,pictocode,snowfraction,isdaylight,highclouds,cape,referenceevapotranspiration_fao,gust,winddirection,liftedindex,windspeed,precipitation_spread,totalcloudcover,windspeed_spread,visibility,skintemperature,precipitation_probability,evapotranspiration,totalcloudcover_spread,uvindex,lowclouds,temperature,midclouds,sealevelpressure,temperature_spread,extraterrestrialradiation_backwards
2026-02-27 00:00:00.000,84,10.49,1.17,0,12.69,90.0,33,0.0,1,100,90,0.06,2.6,46,3.91,0.71,0.69,100,0.42,9230,13.35,90,0.0,0,0,82,13.03,100,1012,0.19,451.31
2026-02-27 01:00:00.000,82,10.42,1.42,0,12.74,132.13,33,0.0,1,100,54,0.08,3.28,40,3.39,0.95,0.71,100,0.44,8820,13.65,90,0.0,0,0,84,13.27,100,1011,0.19,690.17
2026-02-27 02:00:00.000,83,10.42,1.78,0,12.43,142.75,33,0.0,1,100,51,0.09,3.36,25,3.07,1.33,0.73,100,0.46,230,13.38,90,0.0,0,0,85,13.22,100,1011,0.19,874.32
2026-02-27 03:00:00.000,83,10.41,2.13,0,12.01,128.91,33,0.0,1,100,32,0.09,3.65,31,2.98,1.75,0.77,100,0.5,230,14.43,90,0.0,0,0,87,13.1,100,1011,0.19,991.24
2026-02-27 04:00:00.000,84,10.44,2.54,0,11.61,98.99,23,0.0,1,100,21,0.07,4.47,31,2.74,2.23,0.89,100,0.59,230,13.52,90,0.0,0,0,89,13.03,100,1010,0.19,1032.95
2026-02-27 05:00:00.000,84,10.35,2.94,0,11.08,59.16,23,0.0,1,100,30,0.06,4.86,29,1.67,2.79,1.03,100,0.7,230,13.06,90,0.0,0,1,87,12.92,100,1010,0.18,996.64
2026-02-27 06:00:00.000,84,10.27,3.0,0,10.56,50.81,23,0.0,1,100,61,0.06,5.47,27,0.96,3.38,1.09,100,0.78,30,12.71,90,0.0,0,1,91,12.83,100,1010,0.19,884.78
2026-02-27 07:00:00.000,85,10.18,2.48,0,10.01,34.8,33,0.0,1,84,86,0.05,6.48,29,0.59,3.81,1.0,100,0.78,30,12.51,90,0.0,0,0,91,12.61,100,1010,0.21,705.02
2026-02-27 08:00:00.000,86,10.11,1.62,0,9.56,36.73,33,0.0,1,62,76,0.05,7.3,26,0.32,4.11,0.82,99,0.75,230,11.99,90,0.0,0,0,93,12.39,99,1011,0.24,469.61
2026-02-27 09:00:00.000,86,10.0,0.9,0,9.06,16.94,33,0.0,1,42,35,0.04,7.85,22,0.34,4.35,0.65,95,0.71,230,11.71,80,0.0,0,0,95,12.1,82,1011,0.28,194.62
2026-02-27 10:00:00.000,87,9.88,0.5,0,8.54,0.07,33,0.0,0,25,28,0.03,8.44,21,1.7,4.65,0.52,98,0.66,430,11.54,90,0.0,0,0,98,11.81,75,1011,0.33,10.96
2026-02-27 11:00:00.000,87,9.72,0.23,0,8.22,0.0,33,0.0,0,10,27,0.01,8.47,24,1.48,4.88,0.4,99,0.61,280,11.43,90,0.0,2,0,99,11.7,71,1012,0.38,0.0
2026-02-27 12:00:00.000,86,9.45,0.0,0,7.89,0.0,22,0.0,0,0,43,0.02,8.65,23,0.81,5.04,0.31,99,0.58,480,11.21,62,0.0,4,0,99,11.56,43,1013,0.44,0.0
2026-02-27 13:00:00.000,85,9.17,0.0,0,7.65,0.0,22,0.0,0,0,43,0.02,9.51,20,1.14,5.1,0.24,100,0.6,290,10.99,62,0.02,6,0,100,11.44,37,1013,0.52,0.0
2026-02-27 14:00:00.000,85,8.82,0.0,0,7.35,0.0,22,0.0,0,0,33,0.02,8.63,19,1.83,5.05,0.2,100,0.63,490,10.75,44,0.03,10,0,100,11.19,27,1013,0.6,0.0
2026-02-27 15:00:00.000,84,8.44,0.0,0,7.05,0.0,22,0.0,0,0,33,0.02,8.85,21,2.19,5.03,0.17,100,0.64,490,10.28,34,0.04,12,0,100,10.98,26,1014,0.65,0.0
2026-02-27 16:00:00.000,83,8.08,0.11,0,6.8,0.0,33,0.0,0,0,33,0.02,8.55,21,2.2,5.03,0.15,100,0.61,490,9.98,34,0.04,10,0,100,10.82,23,1014,0.63,0.0
2026-02-27 17:00:00.000,82,7.77,0.12,0,6.46,0.0,33,0.0,0,0,34,0.02,10.85,22,2.72,4.99,0.15,100,0.55,1290,9.75,25,0.04,6,0,100,10.53,3,1014,0.57,0.0
2026-02-27 18:00:00.000,83,7.51,0.15,0,6.15,0.0,33,0.0,0,0,37,0.02,9.15,24,3.58,4.95,0.14,100,0.5,8690,9.7,25,0.05,4,0,100,10.26,0,1015,0.55,0.0
2026-02-27 19:00:00.000,83,7.29,0.2,0,5.9,0.0,33,0.0,0,0,33,0.02,9.1,26,4.81,4.9,0.13,100,0.45,690,9.66,25,0.05,3,0,100,10.02,0,1015,0.6,0.0
2026-02-27 20:00:00.000,83,7.05,0.25,0,5.61,0.0,33,0.0,0,0,29,0.02,9.94,24,5.49,4.85,0.13,100,0.39,490,9.37,25,0.04,4,0,100,9.76,0,1016,0.68,0.0
2026-02-27 21:00:00.000,81,6.64,0.27,0,5.41,0.0,33,0.0,0,0,26,0.02,10.95,21,5.67,4.83,0.11,100,0.36,290,8.95,25,0.03,6,0,100,9.64,0,1016,0.74,0.0
2026-02-27 22:00:00.000,77,6.16,0.21,0,5.49,0.08,33,0.0,1,0,26,0.05,11.28,26,6.34,4.88,0.09,100,0.38,230,8.56,25,0.02,6,0,100,9.88,0,1017,0.76,3.18
2026-02-27 23:00:00.000,70,5.55,0.11,0,6.05,27.16,33,0.0,1,0,27,0.06,11.17,32,7.52,4.94,0.06,99,0.42,230,9.28,25,0.05,7,0,99,10.61,0,1018,0.77,180.06
2026-02-28 00:00:00.000,64,4.99,0.0,0,6.58,108.63,22,0.0,1,0,29,0.1,10.0,36,8.57,5.09,0.04,93,0.45,1230,10.92,9,0.11,10,0,93,11.37,0,1019,0.77,457.39
2026-02-28 01:00:00.000,60,4.48,0.0,5,6.76,207.71,19,0.0,1,0,23,0.15,10.71,35,10.6,5.27,0.02,85,0.43,9620,11.88,0,0.2,18,1,85,11.78,0,1019,0.78,696.22
2026-02-28 02:00:00.000,58,4.15,0.0,5,6.71,349.77,19,0.0,1,0,19,0.2,11.15,35,11.18,5.46,0.01,84,0.38,9820,12.48,0,0.2,29,2,84,11.93,0,1019,0.79,880.28
2026-02-28 03:00:00.000,57,3.97,0.0,7,6.73,406.59,19,0.0,1,0,20,0.22,11.45,36,11.37,5.61,0.0,82,0.36,10630,12.58,0,0.2,35,3,82,12.09,0,1019,0.8,997.03
2026-02-28 04:00:00.000,56,3.92,0.0,10,6.94,481.0,19,0.0,1,0,14,0.25,12.04,37,11.69,5.6,0.0,77,0.37,11820,13.67,0,0.21,29,4,77,12.3,0,1019,0.83,1038.54
2026-02-28 05:00:00.000,56,3.87,0.0,8,7.06,510.04,19,0.0,1,1,25,0.26,12.03,37,11.51,5.54,0.0,80,0.39,13020,14.05,0,0.19,19,4,80,12.39,0,1019,0.87,1001.98
2026-02-28 06:00:00.000,56,3.9,0.0,5,6.94,438.36,19,0.0,1,1,27,0.23,12.0,38,11.71,5.46,0.0,85,0.42,14220,13.65,0,0.18,11,4,85,12.21,0,1019,0.89,889.86
2026-02-28 07:00:00.000,59,4.01,0.0,3,6.52,319.85,22,0.0,1,1,17,0.18,11.73,37,11.3,5.37,0.0,88,0.48,13620,13.0,0,0.16,8,2,88,11.7,0,1019,0.88,709.84
2026-02-28 08:00:00.000,62,4.2,0.0,4,5.94,180.73,19,0.0,1,0,7,0.12,11.39,39,10.93,5.21,0.0,86,0.54,12420,10.7,0,0.11,8,1,86,10.97,0,1019,0.86,474.18
2026-02-28 09:00:00.000,67,4.42,0.0,9,5.32,56.51,19,0.0,1,0,7,0.07,11.15,42,11.34,4.96,0.0,79,0.57,11230,8.89,0,0.07,8,0,79,10.13,0,1020,0.83,198.98
2026-02-28 10:00:00.000,72,4.63,0.0,2,4.81,0.82,19,0.0,0,0,5,0.05,10.94,47,11.87,4.62,0.0,77,0.53,10430,8.2,0,0.04,5,0,77,9.34,0,1020,0.79,13.11
2026-02-28 11:00:00.000,75,4.82,0.0,0,4.72,0.0,4,0.0,0,0,4,0.03,10.58,55,11.59,4.31,0.0,30,0.47,10090,7.92,0,0.04,2,0,30,8.99,0,1020,0.74,0.0
2026-02-28 12:00:00.000,76,4.88,0.0,0,4.7,0.0,7,0.0,0,0,3,0.02,9.9,59,11.59,3.92,0.0,51,0.42,8490,7.66,0,0.03,4,0,51,8.69,0,1020,0.68,0.0
2026-02-28 13:00:00.000,78,4.85,0.0,0,4.78,0.0,7,0.0,0,0,2,0.02,8.86,63,11.52,3.47,0.0,66,0.41,9890,6.06,0,0.02,12,0,66,8.46,0,1020,0.62,0.0
2026-02-28 14:00:00.000,79,4.68,0.0,0,4.52,0.0,19,0.0,0,0,1,0.01,7.5,61,11.99,3.14,0.0,75,0.43,9890,5.49,0,0.02,25,0,75,8.0,0,1020,0.55,0.0
2026-02-28 15:00:00.000,79,4.42,0.0,0,4.27,0.0,7,0.0,0,0,1,0.01,6.8,63,12.33,2.93,0.0,71,0.45,8490,4.59,0,0.0,33,0,71,7.66,0,1021,0.5,0.0
2026-02-28 16:00:00.000,79,4.15,0.0,0,4.12,0.0,8,0.0,0,16,1,0.01,6.51,68,12.56,2.73,0.0,47,0.47,8290,4.09,0,0.0,31,0,47,7.43,0,1021,0.48,0.0
2026-02-28 17:00:00.000,80,3.89,0.0,0,3.87,0.0,5,0.0,0,39,1,0.01,6.39,72,12.5,2.52,0.0,23,0.49,9490,3.64,0,0.0,25,0,23,7.08,0,1021,0.47,0.0
2026-02-28 18:00:00.000,81,3.72,0.0,0,3.62,0.0,6,0.0,0,59,2,0.01,5.85,69,11.97,2.33,0.0,27,0.5,9480,3.27,0,0.0,21,0,27,6.73,0,1021,0.46,0.0
2026-02-28 19:00:00.000,82,3.63,0.0,0,3.27,0.0,6,0.0,0,76,1,0.0,5.9,64,10.04,2.28,0.0,27,0.48,9490,3.36,0,0.0,21,0,27,6.36,0,1021,0.44,0.0
2026-02-28 20:00:00.000,83,3.58,0.0,0,2.95,0.0,6,0.0,0,90,1,0.0,6.54,69,8.07,2.33,0.0,29,0.44,9480,3.61,0,0.0,23,0,29,6.09,0,1021,0.42,0.0
2026-02-28 21:00:00.000,82,3.43,0.0,0,2.97,0.0,6,0.0,0,94,2,0.0,7.05,78,7.16,2.3,0.0,28,0.42,9680,4.46,0,0.01,25,0,22,6.12,0,1021,0.4,0.0
2026-02-28 22:00:00.000,77,3.31,0.0,9,3.89,0.65,6,0.0,1,80,2,0.03,5.79,81,8.32,2.15,0.0,24,0.44,10220,3.15,0,0.01,23,0,21,6.96,0,1021,0.37,6.18
2026-02-28 23:00:00.000,67,3.13,0.0,49,5.75,80.1,6,0.0,1,56,1,0.04,6.86,79,8.91,1.95,0.0,17,0.49,12220,7.38,0,0.03,21,0,16,8.7,0,1021,0.35,186.09
2026-03-01 00:00:00.000,58,3.06,0.0,49,7.83,261.6,5,0.0,1,35,2,0.13,5.1,75,8.7,1.85,0.0,16,0.54,15420,12.43,0,0.08,21,0,16,10.74,0,1021,0.36,463.44
2026-03-01 01:00:00.000,53,3.09,0.0,48,9.57,453.9,5,0.0,1,16,1,0.23,5.01,66,9.19,1.68,0.0,17,0.54,19620,17.39,0,0.14,24,1,17,12.35,0,1021,0.44,702.23
2026-03-01 02:00:00.000,50,3.34,0.0,47,11.09,605.13,4,0.0,1,0,1,0.31,4.89,55,9.4,1.61,0.0,18,0.53,20830,21.34,0,0.2,29,3,18,13.44,1,1020,0.55,886.18
2026-03-01 03:00:00.000,49,3.76,0.0,51,12.64,715.6,4,0.0,1,0,1,0.37,4.7,35,9.03,1.56,0.0,13,0.57,20630,23.53,0,0.23,33,4,13,14.2,7,1020,0.66,1002.78
2026-03-01 04:00:00.000,49,4.3,0.0,45,13.2,729.06,5,0.0,1,27,8,0.39,5.37,22,8.08,1.68,0.0,22,0.65,19430,23.63,0,0.25,31,5,22,14.67,2,1020,0.76,1044.07
2026-03-01 05:00:00.000,51,4.78,0.0,18,12.84,660.91,9,0.0,1,69,16,0.35,5.66,19,7.02,1.91,0.0,64,0.77,18830,22.77,0,0.24,27,5,64,14.79,14,1019,0.85,1007.27
2026-03-01 06:00:00.000,53,5.22,0.0,19,12.02,532.05,9,0.0,1,100,24,0.29,5.75,22,6.47,2.04,0.0,63,0.85,18030,21.42,0,0.22,25,4,63,14.63,47,1019,0.9,894.9
2026-03-01 07:00:00.000,56,5.65,0.0,22,11.52,401.31,9,0.0,1,100,22,0.22,5.08,28,5.61,2.08,0.0,58,0.87,14830,15.61,0,0.11,27,3,58,14.06,26,1019,0.88,714.61
2026-03-01 08:00:00.000,61,6.01,0.0,24,10.73,223.48,9,0.0,1,100,17,0.13,4.87,31,6.32,2.1,0.0,55,0.86,13820,14.43,0,0.08,32,1,55,13.2,47,1019,0.81,478.72
2026-03-01 09:00:00.000,67,6.28,0.0,33,9.77,65.17,9,0.0,1,100,15,0.05,4.85,41,6.67,2.14,0.0,41,0.85,12830,12.62,0,0.05,34,0,41,12.21,26,1019,0.74,203.32
2026-03-01 10:00:00.000,71,6.45,0.0,10,8.96,1.21,6,0.0,0,100,11,0.04,4.11,43,7.42,2.15,0.0,37,0.83,12630,12.05,0,0.03,27,0,37,11.37,2,1019,0.66,15.25
2026-03-01 11:00:00.000,74,6.54,0.0,0,8.52,0.0,6,0.0,0,100,10,0.01,4.77,51,8.12,2.19,0.0,30,0.8,12500,12.21,0,0.02,18,0,28,10.93,0,1019,0.56,0.0
2026-03-01 12:00:00.000,75,6.46,0.0,0,8.23,0.0,6,0.0,0,100,9,0.01,3.63,55,8.23,2.1,0.0,30,0.78,12290,10.94,0,0.01,10,0,18,10.59,8,1018,0.5,0.0
2026-03-01 13:00:00.000,75,6.31,0.0,0,8.11,0.0,21,0.0,0,100,11,0.01,3.46,64,8.58,1.89,0.03,82,0.77,13290,11.0,7,0.01,5,0,7,10.36,82,1018,0.5,0.0
2026-03-01 14:00:00.000,76,6.08,0.0,0,7.94,0.0,22,0.0,0,100,19,0.01,3.41,77,8.69,1.59,0.08,94,0.77,13680,10.18,8,0.01,2,0,3,10.04,94,1018,0.52,0.0
2026-03-01 15:00:00.000,76,5.89,0.0,0,7.79,0.0,22,0.0,0,100,28,0.0,3.25,80,9.59,1.41,0.12,97,0.81,13290,10.07,8,0.01,1,0,8,9.8,97,1018,0.55,0.0
2026-03-01 16:00:00.000,76,5.79,0.12,0,7.64,0.0,33,0.0,0,100,21,0.0,3.82,77,10.62,1.38,0.17,100,0.86,12490,10.26,25,0.01,0,0,11,9.66,100,1018,0.56,0.0
2026-03-01 17:00:00.000,77,5.78,0.2,0,7.44,0.0,33,0.0,0,100,16,0.0,3.95,65,10.11,1.38,0.22,100,0.92,10890,9.87,25,0.01,0,0,17,9.46,100,1017,0.58,0.0
2026-03-01 18:00:00.000,79,5.86,0.25,0,7.22,0.0,33,0.0,0,100,10,0.0,5.1,66,10.27,1.46,0.27,99,0.94,9890,10.02,25,0.01,1,0,17,9.27,99,1017,0.59,0.0
2026-03-01 19:00:00.000,81,6.03,0.21,0,7.09,0.0,33,0.0,0,84,15,0.0,4.64,68,9.96,1.45,0.32,98,0.9,9090,10.1,26,0.01,0,0,20,9.09,98,1017,0.59,0.0
2026-03-01 20:00:00.000,83,6.23,0.14,0,6.91,0.0,33,0.0,0,63,24,0.0,4.01,64,9.41,1.42,0.37,100,0.82,9290,10.27,35,0.0,0,0,23,8.85,100,1017,0.59,0.0
2026-03-01 21:00:00.000,84,6.36,0.0,0,6.84,0.0,22,0.0,0,53,35,0.0,4.85,75,9.21,1.59,0.41,98,0.78,9100,10.01,37,0.01,0,0,35,8.87,98,1016,0.61,0.0
2026-03-01 22:00:00.000,81,6.53,0.0,0,7.39,0.38,22,0.0,1,63,39,0.03,4.19,77,9.5,1.71,0.41,99,0.81,9040,9.75,50,0.0,0,0,30,9.47,99,1016,0.62,9.25
2026-03-01 23:00:00.000,75,6.6,0.0,0,8.5,17.09,22,0.0,1,84,44,0.04,3.79,70,9.56,1.93,0.39,98,0.87,8630,11.75,52,0.01,1,0,45,10.72,98,1016,0.65,192.24
2026-03-02 00:00:00.000,70,6.7,0.29,0,9.54,76.95,33,0.0,1,100,50,0.07,4.55,65,10.36,2.21,0.39,97,0.92,8830,14.25,35,0.06,2,0,64,11.92,97,1015,0.77,469.62
2026-03-02 01:00:00.000,67,6.8,0.26,0,10.07,147.35,33,0.0,1,100,62,0.11,5.8,62,11.09,2.38,0.41,98,0.95,9030,13.53,45,0.07,2,0,63,12.56,98,1014,1.07,708.35
2026-03-02 02:00:00.000,68,7.04,0.32,0,10.27,194.13,33,0.0,1,100,74,0.13,6.15,59,10.31,2.46,0.46,99,0.98,9630,13.22,49,0.06,2,1,70,12.75,99,1014,1.48,892.18
2026-03-02 03:00:00.000,69,7.4,0.59,0,10.29,236.06,33,0.0,1,100,87,0.15,6.35,57,9.41,2.59,0.53,100,1.03,9430,13.73,59,0.08,2,2,74,12.78,100,1013,1.81,1008.58
2026-03-02 04:00:00.000,72,7.86,1.19,0,10.22,223.45,33,0.0,1,72,147,0.14,6.6,56,9.19,2.8,0.64,99,1.1,9430,15.67,76,0.13,1,1,72,12.74,99,1012,2.03,1049.64
2026-03-02 05:00:00.000,75,8.23,1.99,0,9.93,182.84,33,0.0,1,35,208,0.12,6.69,55,8.92,3.05,0.77,99,1.19,9020,14.82,85,0.13,1,1,67,12.53,99,1011,2.18,1012.56
2026-03-02 06:00:00.000,77,8.46,2.65,0,9.52,126.47,23,0.0,1,7,269,0.09,7.4,56,8.79,3.3,0.88,98,1.27,8620,13.78,86,0.11,2,1,67,12.24,98,1010,2.22,899.89
2026-03-02 07:00:00.000,80,8.58,3.15,0,9.11,78.98,23,0.0,1,0,262,0.07,8.33,57,7.74,3.42,0.93,96,1.29,8430,12.67,96,0.08,4,0,75,11.87,96,1009,2.09,719.32
2026-03-02 08:00:00.000,82,8.59,3.51,0,8.6,37.59,23,0.0,1,0,255,0.05,9.16,57,6.2,3.54,0.96,95,1.28,2430,11.51,97,0.05,8,0,87,11.45,95,1009,1.86,483.17
2026-03-02 09:00:00.000,84,8.48,3.41,0,8.1,10.37,23,0.0,1,0,248,0.04,9.3,58,5.47,3.53,0.99,96,1.28,430,10.61,98,0.05,10,0,96,10.97,94,1009,1.64,207.56
2026-03-02 10:00:00.000,86,8.36,2.48,0,7.71,0.68,33,0.0,0,23,178,0.03,9.41,61,4.27,3.47,1.02,100,1.3,640,10.36,98,0.04,7,0,100,10.56,97,1009,1.48,17.33
2026-03-02 11:00:00.000,87,8.29,1.09,0,7.38,0.0,33,0.0,0,56,109,0.01,8.46,65,3.69,3.55,1.05,100,1.33,6910,10.43,98,0.04,2,0,100,10.32,100,1010,1.34,0.0
2026-03-02 12:00:00.000,87,8.15,0.0,0,7.19,0.0,22,0.0,0,82,129,0.01,8.35,66,2.09,3.56,1.09,100,1.35,7500,10.65,90,0.04,0,0,100,10.17,100,1010,1.24,0.0
2026-03-02 13:00:00.000,86,8.01,0.0,0,7.39,0.0,22,0.0,0,93,163,0.01,8.11,63,2.24,3.19,1.16,100,1.32,7500,10.87,89,0.02,0,0,100,10.14,89,1010,1.18,0.0
2026-03-02 14:00:00.000,85,7.83,0.0,0,7.39,0.0,22,0.0,0,97,158,0.01,6.84,59,2.13,3.11,1.23,100,1.29,9890,11.17,89,0.0,1,0,100,10.14,74,1010,1.16,0.0
2026-03-02 15:00:00.000,84,7.67,0.0,0,7.29,0.0,22,0.0,0,100,114,0.01,6.75,57,0.83,3.16,1.22,100,1.27,9690,11.61,88,0.0,4,0,100,10.11,65,1010,1.15,0.0
2026-03-02 16:00:00.000,84,7.6,0.0,0,7.09,0.0,22,0.0,0,100,138,0.01,6.84,59,0.33,3.29,1.04,100,1.31,10090,12.24,88,0.01,7,0,100,10.01,72,1011,1.15,0.0
2026-03-02 17:00:00.000,85,7.56,0.0,0,6.75,0.0,22,0.0,0,100,139,0.01,6.95,63,0.92,3.46,0.77,100,1.37,10090,12.67,87,0.0,10,0,100,9.8,85,1011,1.17,0.0
2026-03-02 18:00:00.000,87,7.55,0.0,0,6.31,0.0,22,0.0,0,100,55,0.01,9.03,59,2.16,3.72,0.57,100,1.41,10090,13.78,86,0.0,14,0,100,9.55,92,1011,1.21,0.0
2026-03-02 19:00:00.000,88,7.57,0.0,0,5.75,0.0,22,0.0,0,70,27,0.01,10.52,48,2.88,4.28,0.52,100,1.42,90,13.04,86,0.0,15,0,100,9.37,86,1011,1.31,0.0
2026-03-02 20:00:00.000,90,7.58,0.0,0,5.16,0.0,22,0.0,0,29,28,0.01,10.34,45,3.59,4.7,0.55,100,1.42,90,12.61,78,0.0,16,0,100,9.08,74,1012,1.45,0.0
2026-03-02 21:00:00.000,89,7.43,0.12,0,4.87,0.0,33,0.0,0,0,32,0.01,10.45,40,4.23,4.94,0.57,100,1.44,100,12.4,85,0.0,18,0,100,8.99,64,1012,1.53,0.0
2026-03-02 22:00:00.000,87,7.26,0.17,0,4.86,0.76,33,0.0,1,0,32,0.03,9.26,38,4.98,5.25,0.53,100,1.5,240,11.99,83,0.0,21,0,100,9.24,62,1013,1.51,12.41
2026-03-02 23:00:00.000,80,6.99,0.22,0,5.34,16.39,33,0.0,1,0,37,0.05,11.31,36,4.71,5.8,0.49,100,1.57,30,11.43,80,0.0,26,0,100,10.17,62,1014,1.45,198.56
2026-03-03 00:00:00.000,74,6.75,0.38,0,6.0,49.95,33,0.0,1,0,41,0.08,12.1,35,5.41,6.17,0.46,100,1.66,230,11.59,78,0.02,30,0,100,11.14,60,1014,1.41,475.92
2026-03-03 01:00:00.000,69,6.5,0.34,0,6.27,113.89,33,0.0,1,0,45,0.11,14.15,33,9.11,6.65,0.48,100,1.79,30,12.61,60,0.09,31,1,100,11.81,49,1014,1.43,714.56
2026-03-03 02:00:00.000,67,6.35,0.27,0,6.1,182.17,33,0.0,1,0,54,0.14,14.64,31,9.34,7.22,0.51,100,1.92,230,12.13,58,0.09,33,1,100,12.08,36,1014,1.47,898.22
2026-03-03 03:00:00.000,66,6.25,0.22,0,5.87,248.19,33,0.0,1,0,55,0.16,16.15,29,9.41,7.69,0.53,100,2.02,230,12.06,57,0.12,34,1,100,12.19,25,1014,1.52,1014.39
2026-03-03 04:00:00.000,66,6.21,0.18,0,5.78,270.71,33,0.0,1,0,81,0.17,16.09,28,8.98,7.75,0.49,99,2.08,630,12.24,47,0.15,34,2,99,12.15,18,1014,1.61,1055.18
2026-03-03 05:00:00.000,67,6.16,0.14,0,5.63,266.89,33,0.0,1,1,89,0.16,16.29,27,8.5,7.65,0.43,99,2.11,230,12.06,39,0.14,35,2,99,11.96,14,1015,1.71,1017.81
2026-03-03 06:00:00.000,68,6.07,0.11,0,5.5,238.68,33,0.0,1,2,81,0.15,16.35,27,8.06,7.48,0.37,98,2.08,1230,12.23,31,0.13,36,1,98,11.72,13,1015,1.74,904.83
2026-03-03 07:00:00.000,69,6.15,0.0,0,5.31,190.08,22,0.0,1,1,60,0.13,16.25,27,7.84,7.39,0.29,97,1.98,630,11.96,22,0.11,36,1,97,11.45,17,1015,1.62,723.98
2026-03-03 08:00:00.000,71,6.29,0.0,0,5.21,120.37,22,0.0,1,0,61,0.1,16.0,28,8.16,7.24,0.21,96,1.84,8820,11.64,21,0.09,37,0,96,11.21,23,1016,1.42,487.58
2026-03-03 09:00:00.000,74,6.47,0.0,0,5.08,40.51,22,0.0,1,0,62,0.07,15.65,29,7.92,7.02,0.15,95,1.7,830,10.9,20,0.07,38,0,95,10.88,27,1017,1.27,211.77
2026-03-03 10:00:00.000,76,6.64,0.0,0,5.03,2.39,22,0.0,0,0,62,0.05,15.18,30,7.91,6.73,0.14,95,1.57,440,10.52,20,0.04,36,0,95,10.6,26,1017,1.23,19.41
2026-03-03 11:00:00.000,78,6.85,0.0,0,5.03,0.0,22,0.0,0,0,71,0.03,14.35,33,8.42,6.45,0.15,96,1.43,690,10.31,20,0.04,35,0,96,10.35,23,1018,1.25,0.0
2026-03-03 12:00:00.000,79,6.8,0.0,0,5.0,0.0,22,0.0,0,0,65,0.03,14.1,35,8.72,6.19,0.15,97,1.34,8680,10.12,27,0.04,34,0,97,10.15,18,1018,1.27,0.0
2026-03-03 13:00:00.000,80,6.7,0.0,0,4.98,0.0,22,0.0,0,0,62,0.03,13.41,36,8.66,5.91,0.15,98,1.33,9280,9.98,25,0.05,34,0,98,9.96,9,1018,1.28,0.0
2026-03-03 14:00:00.000,79,6.46,0.0,0,4.94,0.0,22,0.0,0,0,56,0.03,12.91,37,8.43,5.63,0.15,99,1.36,8680,9.89,15,0.04,36,0,99,9.78,0,1018,1.29,0.0
2026-03-03 15:00:00.000,79,6.19,0.0,0,4.94,0.0,22,0.0,0,3,52,0.03,12.7,39,8.49,5.28,0.14,99,1.39,690,9.76,13,0.03,37,0,99,9.6,0,1018,1.3,0.0
2026-03-03 16:00:00.000,78,5.91,0.0,0,4.85,0.0,22,0.0,0,35,50,0.03,12.15,41,8.63,5.02,0.12,99,1.38,1690,9.59,12,0.03,34,0,99,9.38,27,1019,1.31,0.0
2026-03-03 17:00:00.000,79,5.65,0.0,0,4.61,0.0,22,0.0,0,77,50,0.02,11.79,44,8.71,4.77,0.1,98,1.37,9090,9.43,11,0.04,29,0,98,9.03,65,1019,1.31,0.0
2026-03-03 18:00:00.000,79,5.39,0.0,0,4.36,0.0,22,0.0,0,99,50,0.02,11.35,48,8.49,4.49,0.1,96,1.34,8100,9.3,11,0.04,27,0,96,8.64,84,1019,1.33,0.0
2026-03-03 19:00:00.000,80,5.14,0.0,0,4.13,0.0,22,0.0,0,76,42,0.02,10.7,52,8.6,4.18,0.13,90,1.28,9090,9.09,10,0.03,28,0,90,8.24,63,1019,1.38,0.0
2026-03-03 20:00:00.000,82,4.91,0.0,0,3.82,0.0,20,0.0,0,34,34,0.01,10.72,57,8.23,3.86,0.17,83,1.21,6500,8.99,10,0.03,32,0,83,7.75,24,1019,1.44,0.0
2026-03-03 21:00:00.000,81,4.62,0.0,0,3.73,0.0,20,0.0,0,11,29,0.01,10.55,60,7.84,3.65,0.2,77,1.17,8700,8.6,2,0.02,34,0,77,7.58,3,1019,1.46,0.0
2026-03-03 22:00:00.000,77,4.32,0.0,3,4.24,2.98,8,0.0,1,30,27,0.03,10.36,58,7.86,3.55,0.22,74,1.16,1640,8.84,2,0.02,32,0,74,8.09,25,1020,1.41,15.57
2026-03-03 23:00:00.000,69,4.02,0.0,13,5.54,59.32,9,0.0,1,68,28,0.06,10.03,52,8.1,3.45,0.24,73,1.17,7030,10.4,3,0.05,29,0,73,9.38,66,1021,1.33,204.86
2026-03-04 00:00:00.000,62,3.8,0.0,0,6.88,193.91,22,0.0,1,97,27,0.12,10.15,45,8.72,3.44,0.24,94,1.22,5220,11.9,3,0.08,28,0,70,10.75,94,1021,1.27,482.2
2026-03-04 01:00:00.000,57,3.67,0.0,0,7.71,351.01,22,0.0,1,100,23,0.19,10.28,40,8.16,3.57,0.21,97,1.32,10020,13.39,3,0.11,30,1,64,11.7,97,1021,1.26,720.73
2026-03-04 02:00:00.000,55,3.67,0.0,3,8.1,503.8,22,0.0,1,100,18,0.25,10.06,36,7.69,3.74,0.16,88,1.46,10830,15.54,3,0.13,35,3,56,12.21,88,1021,1.29,904.21
2026-03-04 03:00:00.000,55,3.8,0.0,13,8.75,629.3,9,0.0,1,95,16,0.31,10.0,32,6.79,3.84,0.12,73,1.56,11430,15.83,3,0.14,39,5,49,12.5,73,1021,1.34,1020.15
2026-03-04 04:00:00.000,55,4.04,0.0,28,9.01,672.93,9,0.0,1,67,15,0.32,10.27,29,6.84,4.02,0.11,50,1.61,11630,16.54,3,0.15,38,5,43,12.62,50,1021,1.45,1060.66
2026-03-04 05:00:00.000,57,4.25,0.0,35,8.78,657.46,5,0.0,1,28,14,0.31,10.59,26,5.83,4.14,0.12,37,1.63,11630,15.69,4,0.14,36,5,37,12.51,20,1021,1.58,1023.0
2026-03-04 06:00:00.000,58,4.37,0.0,36,8.1,582.3,4,0.0,1,0,16,0.28,10.15,27,5.21,4.17,0.12,36,1.63,11220,14.65,4,0.13,35,4,36,12.21,0,1021,1.68,909.73
2026-03-04 07:00:00.000,61,4.53,0.0,33,7.61,438.19,7,0.0,1,0,16,0.21,10.36,30,4.71,3.89,0.1,42,1.57,11230,13.78,3,0.1,36,3,42,11.65,0,1021,1.7,728.59
2026-03-04 08:00:00.000,65,4.64,0.0,27,7.1,265.16,7,0.0,1,0,12,0.13,9.21,38,5.01,3.61,0.08,51,1.49,11030,12.83,3,0.08,40,1,51,10.93,0,1021,1.68,491.96
2026-03-04 09:00:00.000,68,4.67,0.0,22,6.56,84.73,7,0.0,1,0,12,0.06,8.5,44,5.88,3.23,0.06,58,1.42,11220,11.37,3,0.05,42,0,58,10.11,0,1022,1.64,215.96
2026-03-04 10:00:00.000,72,4.63,0.0,7,6.17,5.42,7,0.0,0,0,11,0.03,7.45,44,5.99,2.76,0.05,58,1.4,11820,9.5,2,0.02,40,0,58,9.39,0,1022,1.58,21.48
2026-03-04 11:00:00.000,74,4.7,0.0,0,5.97,0.0,7,0.0,0,0,10,0.01,6.23,42,5.97,2.38,0.03,56,1.41,12490,8.38,2,0.01,37,0,56,8.92,0,1023,1.5,0.0
2026-03-04 12:00:00.000,75,4.63,0.0,0,5.95,0.0,7,0.0,0,0,10,0.01,5.6,43,6.17,2.08,0.02,54,1.41,13280,6.22,1,0.0,36,0,54,8.7,0,1023,1.43,0.0
2026-03-04 13:00:00.000,75,4.53,0.0,0,5.82,0.0,7,0.0,0,0,9,0.01,4.91,47,7.28,2.09,0.0,55,1.42,14480,4.97,1,0.0,36,0,55,8.6,0,1023,1.38,0.0
2026-03-04 14:00:00.000,75,4.36,0.0,0,5.74,0.0,7,0.0,0,0,9,0.01,4.21,44,7.87,1.96,0.0,55,1.42,15480,4.09,0,0.0,38,0,55,8.46,0,1023,1.33,0.0
2026-03-04 15:00:00.000,75,4.24,0.0,0,5.48,0.0,7,0.0,0,0,9,0.01,4.9,39,8.41,1.98,0.0,55,1.41,15690,3.62,0,0.0,39,0,55,8.25,0,1024,1.3,0.0
2026-03-04 16:00:00.000,75,4.04,0.0,0,5.2,0.0,7,0.0,0,0,9,0.01,4.4,33,7.87,2.02,0.0,51,1.4,15880,3.81,0,0.0,38,0,51,8.03,0,1024,1.28,0.0
2026-03-04 17:00:00.000,76,3.86,0.0,0,4.88,0.0,7,0.0,0,0,10,0.01,4.64,33,7.52,2.04,0.01,47,1.38,15890,4.16,0,0.0,37,0,47,7.76,0,1024,1.27,0.0
2026-03-04 18:00:00.000,77,3.73,0.0,0,4.54,0.0,7,0.0,0,0,11,0.01,4.75,37,7.51,2.09,0.01,42,1.36,14900,4.63,0,0.0,37,0,42,7.48,0,1024,1.28,0.0
2026-03-04 19:00:00.000,78,3.68,0.0,0,4.21,0.0,4,0.0,0,0,9,0.01,4.5,38,8.24,2.16,0.09,37,1.34,15090,5.05,0,0.0,38,0,37,7.21,0,1024,1.31,0.0
2026-03-04 20:00:00.000,79,3.63,0.0,0,3.89,0.0,4,0.0,0,0,8,0.01,4.74,39,9.12,2.16,0.19,31,1.33,15290,4.94,0,0.0,40,0,31,6.9,0,1024,1.35,0.0
2026-03-04 21:00:00.000,79,3.64,0.0,0,3.82,0.0,4,0.0,0,0,10,0.01,4.7,37,10.23,2.29,0.29,27,1.34,15480,4.47,0,0.0,42,0,27,6.92,0,1024,1.39,0.0
2026-03-04 22:00:00.000,75,3.66,0.0,13,4.56,4.99,4,0.0,1,0,12,0.02,4.9,35,11.24,2.41,0.4,25,1.38,15030,4.91,1,0.0,41,0,25,7.74,0,1025,1.39,18.73
2026-03-04 23:00:00.000,67,3.65,0.0,44,5.98,90.06,4,0.0,1,0,17,0.06,5.88,36,10.57,2.69,0.5,24,1.45,10830,10.05,1,0.03,40,0,24,9.36,0,1025,1.4,211.15
2026-03-05 00:00:00.000,60,3.61,0.0,45,7.49,271.1,4,0.0,1,0,30,0.14,6.3,40,11.56,2.94,0.59,23,1.52,13430,12.46,2,0.08,40,0,23,11.05,0,1026,1.49,488.44
2026-03-05 01:00:00.000,55,3.62,0.0,47,8.52,469.74,4,0.0,1,0,25,0.23,6.56,42,11.07,3.1,0.67,19,1.62,12830,15.49,2,0.13,40,1,19,12.19,0,1026,1.75,726.85
2026-03-05 02:00:00.000,53,3.61,0.0,49,9.48,631.79,4,0.0,1,0,20,0.31,6.76,41,11.81,3.25,0.73,15,1.73,17830,16.54,3,0.17,40,3,15,12.82,0,1026,2.1,910.15
2026-03-05 03:00:00.000,52,3.7,0.0,52,10.38,754.69,4,0.0,1,0,14,0.37,7.0,40,11.2,3.46,0.79,11,1.84,14630,17.13,4,0.21,41,4,11,13.22,0,1025,2.39,1025.85
2026-03-05 04:00:00.000,52,3.87,0.0,55,10.66,788.83,1,0.0,1,0,3,0.38,7.18,38,11.64,3.66,0.86,7,1.94,16030,17.12,5,0.21,40,5,7,13.45,0,1025,2.56,1066.09
2026-03-05 05:00:00.000,53,4.08,0.0,58,10.43,758.12,1,0.0,1,0,2,0.37,7.25,36,12.1,3.79,0.93,3,2.03,16630,16.37,5,0.21,40,5,3,13.44,0,1025,2.67,1028.13
2026-03-05 06:00:00.000,54,4.15,0.0,60,9.65,660.87,1,0.0,1,0,2,0.32,7.75,35,12.41,3.87,0.98,0,2.06,15830,14.96,6,0.19,41,4,0,13.19,0,1024,2.72,914.57
2026-03-05 07:00:00.000,56,4.25,0.0,60,8.57,506.35,1,0.0,1,0,2,0.25,7.74,36,12.16,3.86,1.0,0,1.96,15030,12.94,6,0.15,42,3,0,12.64,0,1024,2.69,733.17
2026-03-05 08:00:00.000,60,4.34,0.0,60,7.87,311.43,1,0.0,1,0,1,0.16,7.51,39,12.13,3.73,1.0,0,1.78,15030,10.45,5,0.11,43,1,0,11.84,0,1024,2.6,496.3
2026-03-05 09:00:00.000,64,4.4,0.0,60,7.0,103.37,1,0.0,1,0,1,0.07,6.9,45,12.09,3.52,0.95,0,1.64,15430,7.33,5,0.06,45,0,0,10.8,0,1024,2.5,220.14
2026-03-05 10:00:00.000,68,4.32,0.0,20,6.26,6.78,1,0.0,0,0,0,0.04,6.14,50,12.03,3.21,0.79,0,1.57,13840,5.92,5,0.03,44,0,0,9.87,0,1024,2.4,23.55
2026-03-05 11:00:00.000,72,4.42,0.0,0,5.67,0.0,1,0.0,0,0,0,0.02,5.54,56,11.88,2.99,0.58,0,1.54,12510,5.38,5,0.02,43,0,0,9.1,0,1024,2.3,0.0
2026-03-05 12:00:00.000,75,4.49,0.0,0,5.29,0.0,1,0.0,0,0,0,0.02,5.05,66,11.92,2.72,0.47,0,1.53,11910,4.73,5,0.01,43,0,0,8.52,0,1025,2.21,0.0
2026-03-05 13:00:00.000,77,4.46,0.0,0,5.07,0.0,1,0.0,0,0,0,0.01,4.38,69,11.86,2.41,0.55,0,1.51,11510,4.2,5,0.01,43,0,0,8.09,0,1025,2.16,0.0
2026-03-05 14:00:00.000,78,4.34,0.0,0,4.8,0.0,1,0.0,0,0,0,0.01,4.12,68,12.42,2.35,0.72,0,1.5,11510,4.08,5,0.01,43,0,0,7.8,0,1025,2.13,0.0
2026-03-05 15:00:00.000,79,4.39,0.0,0,4.77,0.0,1,0.0,0,0,0,0.01,4.35,73,12.59,2.28,0.88,0,1.52,10910,3.8,6,0.01,44,0,0,7.71,0,1025,2.11,0.0
2026-03-05 16:00:00.000,79,4.32,0.0,0,4.67,0.0,1,0.0,0,0,2,0.01,3.89,82,12.49,2.21,1.04,0,1.57,11100,3.44,6,0.0,42,0,0,7.58,0,1024,2.1,0.0
2026-03-05 17:00:00.000,80,4.25,0.0,0,4.52,0.0,13,0.0,0,0,3,0.01,4.06,90,12.0,2.19,1.19,1,1.64,10900,3.01,6,0.0,40,0,1,7.42,0,1024,2.11,0.0
2026-03-05 18:00:00.000,80,4.25,0.0,0,4.43,0.0,13,0.0,0,0,10,0.01,5.25,96,11.7,2.15,1.25,2,1.71,10890,2.43,6,0.0,40,0,2,7.31,0,1024,2.11,0.0
2026-03-05 19:00:00.000,81,4.34,0.0,0,4.45,0.0,13,0.0,0,9,8,0.01,4.31,95,11.62,2.13,1.17,2,1.74,10100,1.96,7,0.0,41,0,1,7.3,0,1023,2.1,0.0
2026-03-05 20:00:00.000,81,4.41,0.0,0,4.51,0.0,14,0.0,0,23,12,0.01,5.13,91,11.27,2.29,1.0,7,1.76,9490,2.02,7,0.0,43,0,0,7.45,0,1023,2.08,0.0
2026-03-05 21:00:00.000,78,4.42,0.0,0,4.81,0.0,2,0.0,0,34,11,0.01,4.7,91,9.73,2.46,0.81,10,1.84,9090,2.26,8,0.0,44,0,0,7.87,0,1022,2.08,0.0
2026-03-05 22:00:00.000,73,4.41,0.0,16,5.49,5.74,2,0.0,1,41,12,0.03,6.16,98,7.9,2.85,0.6,12,1.98,9040,3.17,8,0.0,41,0,0,8.83,2,1022,2.09,21.88
2026-03-05 23:00:00.000,65,4.25,0.0,51,6.76,94.3,2,0.0,1,45,8,0.06,5.67,104,5.96,3.14,0.37,13,2.18,10430,7.3,8,0.03,38,0,0,10.33,5,1021,2.12,217.43
2026-03-06 00:00:00.000,57,4.12,0.0,50,8.44,279.74,2,0.0,1,47,7,0.15,5.97,107,5.44,3.33,0.2,14,2.44,11230,10.61,8,0.07,36,0,0,12.17,8,1021,2.21,494.65
2026-03-06 01:00:00.000,56,4.94,0.08,5,10.99,275.97,20,0.0,1,14,2,0.16,4.24,90,14.07,1.63,0.13,84,2.81,24100,15.54,17,0.01,36,1,84,13.36,0,1024,2.43,732.94
2026-03-06 02:00:00.000,54,5.21,0.07,0,12.16,322.35,22,0.0,1,100,2,0.19,4.51,88,12.47,1.37,0.11,100,3.25,24100,16.89,17,0.01,38,3,100,14.29,0,1024,2.71,916.04
2026-03-06 03:00:00.000,53,5.53,0.08,0,12.84,365.96,22,0.0,1,100,3,0.22,4.8,88,11.1,1.21,0.11,100,3.61,24100,17.59,17,0.01,38,4,100,14.79,0,1023,2.94,1031.5
2026-03-06 04:00:00.000,54,5.81,0.12,0,13.09,367.42,22,0.0,1,100,3,0.22,5.17,91,10.21,1.13,0.1,100,3.88,24100,17.58,18,0.01,34,5,100,14.92,17,1022,3.08,1071.46
2026-03-06 05:00:00.000,55,6.05,0.15,0,13.12,326.73,22,0.0,1,100,4,0.2,5.56,95,9.54,1.1,0.12,100,4.07,24100,17.18,19,0.02,29,5,100,14.89,100,1021,3.16,1033.2
2026-03-06 06:00:00.000,57,6.35,0.19,0,12.96,262.52,33,0.0,1,100,6,0.17,5.8,95,8.9,1.1,0.16,100,4.11,24100,16.46,21,0.02,26,4,100,14.65,100,1021,3.19,919.36
2026-03-06 07:00:00.000,60,6.75,0.21,0,12.57,179.47,33,0.0,1,100,11,0.12,5.79,85,8.18,1.09,0.25,100,3.94,24455,15.26,24,0.01,25,3,100,14.16,100,1020,3.14,737.7
2026-03-06 08:00:00.000,65,7.19,0.28,0,11.9,101.92,33,0.0,1,100,17,0.08,5.62,71,7.49,1.14,0.37,100,3.66,24811,13.7,29,0.01,27,1,100,13.42,100,1021,3.02,500.62
2026-03-06 09:00:00.000,70,7.53,0.37,0,11.2,31.86,33,0.0,1,100,21,0.04,5.4,64,6.9,1.22,0.47,100,3.41,24100,12.44,33,0.01,28,0,100,12.69,100,1021,2.9,224.3
2026-03-06 10:00:00.000,75,7.8,0.46,0,10.55,3.53,33,0.0,0,100,18,0.02,5.09,70,6.56,1.34,0.53,100,3.2,21479,11.85,35,0.0,26,0,100,12.05,100,1021,2.76,25.61
2026-03-06 11:00:00.000,78,7.96,0.57,0,9.92,-0.17,33,0.0,0,100,13,0.0,4.73,78,6.33,1.49,0.57,100,3.0,17791,11.64,37,0.0,25,0,100,11.5,100,1021,2.62,0.0
2026-03-06 12:00:00.000,81,8.04,0.67,0,9.52,0.0,33,0.0,0,100,10,0.0,4.5,83,5.9,1.55,0.63,100,2.87,14500,11.51,38,0.0,24,0,100,11.11,79,1021,2.5,0.0
2026-03-06 13:00:00.000,82,8.01,0.74,0,9.38,0.0,33,0.0,0,100,8,0.0,4.5,81,5.08,1.36,0.71,100,2.83,12094,11.26,40,0.0,23,0,100,10.86,82,1021,2.44,0.0
2026-03-06 14:00:00.000,83,7.9,0.81,0,9.34,0.0,33,0.0,0,100,8,0.0,4.64,76,4.06,1.11,0.81,100,2.87,10083,10.97,41,0.0,23,0,100,10.66,99,1021,2.41,0.0
2026-03-06 15:00:00.000,83,7.76,0.84,0,9.23,0.0,33,0.0,0,100,9,0.0,4.8,68,3.1,0.95,0.91,100,2.92,8460,10.69,42,0.0,24,0,100,10.47,100,1021,2.39,0.0
2026-03-06 16:00:00.000,83,7.61,0.87,0,9.0,0.0,33,0.0,0,87,9,0.0,4.98,64,2.19,0.92,1.02,100,2.98,6937,10.41,44,0.0,24,0,100,10.26,100,1021,2.36,0.0
2026-03-06 17:00:00.000,83,7.47,0.9,0,8.73,0.0,33,0.0,0,64,9,0.0,5.18,60,1.35,0.94,1.13,100,3.07,5800,10.13,46,0.0,25,0,100,10.05,100,1020,2.33,0.0
2026-03-06 18:00:00.000,84,7.34,0.95,0,8.47,0.0,33,0.0,0,43,10,0.0,5.3,55,0.9,1.01,1.21,100,3.11,5900,9.94,47,0.0,26,0,100,9.87,100,1020,2.3,0.0
2026-03-06 19:00:00.000,84,7.22,0.95,0,8.26,0.0,33,0.0,0,24,9,0.0,5.29,51,1.03,1.13,1.23,100,3.05,7889,9.9,48,0.0,26,0,100,9.77,100,1021,2.25,0.0
2026-03-06 20:00:00.000,83,7.06,1.01,0,8.14,0.0,33,0.0,0,0,8,0.0,5.19,47,1.55,1.25,1.22,100,2.95,11114,10.02,49,0.0,26,0,100,9.76,100,1021,2.19,0.0
2026-03-06 21:00:00.000,81,6.88,1.03,0,8.18,-0.13,33,0.0,0,0,8,0.0,5.1,44,2.2,1.36,1.21,100,2.86,14460,10.33,50,0.0,27,0,100,9.93,100,1021,2.14,0.0
2026-03-06 22:00:00.000,77,6.68,1.06,0,8.52,5.05,33,0.0,1,0,7,0.02,5.01,39,2.99,1.52,1.19,100,2.81,17908,10.99,50,0.0,27,0,100,10.43,100,1022,2.1,25.08
2026-03-06 23:00:00.000,72,6.42,1.07,0,9.12,38.02,33,0.0,1,0,6,0.04,4.93,34,3.9,1.75,1.16,100,2.77,21477,12.0,51,0.0,28,0,100,11.25,100,1022,2.08,223.79
2026-03-07 00:00:00.000,65,5.92,0.92,0,9.78,122.2,33,0.0,1,0,6,0.09,4.9,24,4.7,1.92,1.13,100,2.76,24100,13.15,51,0.01,30,0,100,12.15,91,1022,2.11,500.95
2026-03-07 01:00:00.000,64,5.64,0.91,0,9.42,203.99,33,0.0,1,0,5,0.13,4.96,17,5.24,2.36,1.12,100,2.77,25190,13.5,50,0.01,31,1,100,12.15,68,1022,2.23,739.08
2026-03-07 02:00:00.000,63,5.37,0.9,0,8.92,276.48,33,0.0,1,0,5,0.16,5.07,12,5.65,2.81,1.11,100,2.8,25335,13.78,47,0.02,31,3,100,12.03,41,1022,2.4,921.98
2026-03-07 03:00:00.000,63,5.12,0.89,0,8.32,324.69,33,0.0,1,0,5,0.18,5.2,11,6.1,3.19,1.1,100,2.83,25230,13.86,45,0.02,33,4,100,11.74,15,1021,2.57,1037.17
2026-03-07 04:00:00.000,63,4.86,0.86,0,7.83,333.33,33,0.0,1,0,5,0.18,5.36,9,6.6,3.53,1.1,100,2.89,24978,14.0,43,0.03,34,5,100,11.55,0,1021,2.73,1076.82
2026-03-07 05:00:00.000,62,4.58,0.86,0,7.48,302.87,33,0.0,1,0,5,0.17,5.55,8,7.13,3.8,1.09,100,2.96,24476,14.19,41,0.03,35,5,100,11.45,0,1021,2.89,1038.25
2026-03-07 06:00:00.000,62,4.32,0.83,0,7.1,249.55,33,0.0,1,0,5,0.15,5.7,8,7.8,3.94,1.09,100,2.98,24100,14.07,39,0.04,36,4,100,11.22,0,1021,2.99,924.1
2026-03-07 07:00:00.000,63,4.13,0.81,0,6.66,184.21,33,0.0,1,0,4,0.12,5.8,11,8.7,3.9,1.07,100,2.94,24016,13.45,39,0.04,35,3,100,10.78,0,1021,2.99,742.16
2026-03-07 08:00:00.000,65,4.0,0.77,6,6.14,132.3,33,0.0,1,0,3,0.1,5.86,15,9.75,3.73,1.04,83,2.85,24058,12.47,38,0.03,34,1,83,10.17,0,1021,2.93,504.86
2026-03-07 09:00:00.000,67,3.88,0.73,34,5.59,61.08,31,0.0,1,0,3,0.06,5.9,19,10.8,3.54,1.02,39,2.77,24100,11.42,38,0.03,34,0,39,9.52,0,1022,2.86,228.37
2026-03-07 10:00:00.000,70,3.75,0.81,21,5.04,7.06,31,0.0,0,0,2,0.04,5.94,23,11.86,3.36,1.0,0,2.69,24099,10.35,38,0.03,33,0,0,8.87,0,1022,2.78,27.63
2026-03-07 11:00:00.000,72,3.57,0.81,0,4.51,-0.17,31,0.0,0,24,2,0.02,5.95,27,12.92,3.19,0.98,7,2.62,24099,9.28,39,0.02,33,0,0,8.25,0,1023,2.68,0.0
2026-03-07 12:00:00.000,73,3.35,0.69,0,4.16,0.0,31,0.0,0,43,2,0.02,5.9,30,13.8,3.0,0.95,13,2.55,24100,8.5,38,0.02,33,0,0,7.81,0,1023,2.61,0.0
2026-03-07 13:00:00.000,73,3.06,0.65,0,3.96,0.0,31,0.0,0,62,1,0.02,5.74,30,14.41,2.77,0.93,18,2.47,24103,8.02,37,0.02,33,0,0,7.51,0,1023,2.59,0.0
2026-03-07 14:00:00.000,72,2.73,0.63,0,3.84,0.0,31,0.0,0,82,1,0.02,5.52,29,14.84,2.53,0.9,24,2.4,24107,7.72,35,0.02,34,0,0,7.28,0,1023,2.59,0.0
2026-03-07 15:00:00.000,72,2.44,0.6,0,3.71,0.0,31,0.0,0,100,2,0.01,5.3,30,15.2,2.36,0.87,30,2.34,24110,7.49,33,0.01,35,0,0,7.08,0,1023,2.59,0.0
2026-03-07 16:00:00.000,72,2.24,0.57,0,3.59,0.0,31,0.0,0,100,2,0.01,5.09,33,15.51,2.26,0.85,30,2.31,24112,7.32,32,0.01,36,0,0,6.92,0,1023,2.59,0.0
2026-03-07 17:00:00.000,72,2.14,0.55,0,3.48,0.0,31,0.0,0,100,2,0.01,4.87,37,15.74,2.2,0.82,30,2.29,24112,7.22,30,0.01,37,0,0,6.79,0,1023,2.59,0.0
2026-03-07 18:00:00.000,72,2.07,0.53,0,3.37,0.0,31,0.0,0,100,3,0.01,4.7,40,15.9,2.2,0.81,30,2.28,24100,7.2,29,0.01,38,0,0,6.7,0,1023,2.58,0.0
2026-03-07 19:00:00.000,72,1.99,0.53,0,3.31,0.0,31,0.0,0,100,3,0.01,4.59,43,15.97,2.23,0.82,30,2.27,24066,7.28,28,0.01,37,0,0,6.67,0,1023,2.53,0.0
2026-03-07 20:00:00.000,71,1.88,0.53,0,3.34,0.0,31,0.0,0,100,2,0.01,4.53,45,15.96,2.26,0.84,47,2.27,24021,7.5,27,0.01,36,0,47,6.74,0,1023,2.47,0.0
2026-03-07 21:00:00.000,69,1.78,0.52,0,3.57,-0.13,33,0.0,0,100,3,0.02,4.5,46,15.9,2.28,0.85,97,2.28,23980,7.92,27,0.01,36,0,97,7.0,45,1023,2.41,0.0
2026-03-07 22:00:00.000,65,1.65,0.52,0,4.1,6.07,33,0.0,1,100,3,0.03,4.51,46,15.81,2.36,0.87,100,2.32,23944,8.71,27,0.01,35,0,100,7.62,85,1023,2.36,28.34
2026-03-07 23:00:00.000,60,1.46,0.53,0,4.94,49.86,33,0.0,1,100,3,0.06,4.55,45,15.69,2.51,0.89,100,2.38,23913,9.85,27,0.01,35,0,100,8.59,100,1024,2.32,230.27
2026-03-08 00:00:00.000,54,1.02,0.0,0,5.97,156.86,22,0.0,1,100,4,0.11,4.6,39,15.5,2.52,0.87,100,2.42,23900,11.12,28,0.01,35,0,100,9.7,100,1024,2.33,507.33
2026-03-08 01:00:00.000,53,1.0,0.0,0,6.11,256.83,22,0.0,1,100,3,0.15,4.66,30,15.24,2.76,0.79,100,2.43,23913,11.56,28,0.01,35,1,100,10.02,100,1023,2.43,745.28
2026-03-08 02:00:00.000,52,1.05,0.0,0,6.18,341.37,22,0.0,1,100,3,0.19,4.73,23,14.93,3.05,0.69,100,2.43,23944,11.91,29,0.01,36,2,100,10.27,100,1023,2.58,927.93
2026-03-08 03:00:00.000,52,1.16,0.0,0,6.09,394.83,22,0.0,1,100,3,0.21,4.8,19,14.6,3.32,0.58,100,2.42,23980,12.07,30,0.02,37,3,100,10.36,100,1023,2.72,1042.83
2026-03-08 04:00:00.000,52,1.3,0.0,0,6.11,402.11,22,0.0,1,100,2,0.22,4.88,16,14.28,3.58,0.48,100,2.44,24021,12.3,31,0.02,38,4,67,10.54,100,1022,2.86,1082.16
2026-03-08 05:00:00.000,52,1.41,0.0,0,6.24,364.55,22,0.0,1,100,2,0.21,4.96,13,13.94,3.8,0.38,100,2.46,24066,12.59,32,0.02,39,4,18,10.8,100,1022,2.99,1043.26
2026-03-08 06:00:00.000,52,1.53,0.0,0,6.25,299.71,22,0.0,1,100,2,0.18,5.0,13,13.6,3.9,0.3,100,2.42,24100,12.61,32,0.02,41,3,0,10.86,100,1022,3.06,928.8
2026-03-08 07:00:00.000,53,1.66,0.0,0,6.04,218.76,22,0.0,1,100,1,0.15,4.97,15,13.24,3.83,0.26,100,2.26,24112,12.19,31,0.02,41,2,0,10.58,100,1022,3.03,746.58
2026-03-08 08:00:00.000,56,1.83,0.0,0,5.67,133.11,22,0.0,1,100,1,0.11,4.89,19,12.86,3.63,0.25,100,2.04,24112,11.45,29,0.02,41,1,0,10.04,100,1022,2.94,509.06
2026-03-08 09:00:00.000,59,2.02,0.0,0,5.24,45.34,22,0.0,1,100,1,0.07,4.8,24,12.5,3.43,0.25,100,1.84,24110,10.64,27,0.02,42,0,0,9.43,100,1023,2.83,232.43
2026-03-08 10:00:00.000,63,2.26,0.0,0,4.76,4.75,22,0.0,0,100,1,0.05,4.71,29,12.15,3.26,0.27,100,1.72,24107,9.8,25,0.02,42,0,0,8.8,100,1023,2.72,29.65
2026-03-08 11:00:00.000,67,2.42,0.0,0,4.25,-0.17,22,0.0,0,100,1,0.03,4.6,35,11.81,3.13,0.3,100,1.62,24103,8.96,23,0.02,42,0,0,8.17,100,1023,2.59,0.0
2026-03-08 12:00:00.000,69,2.47,0.0,0,3.9,0.0,22,0.0,0,100,2,0.02,4.5,40,11.5,2.99,0.31,100,1.56,24100,8.33,21,0.02,42,0,0,7.71,100,1024,2.5,0.0
2026-03-08 13:00:00.000,70,2.33,0.0,0,3.71,0.0,22,0.0,0,100,2,0.02,4.39,41,11.2,2.79,0.3,100,1.5,24099,7.91,19,0.02,41,0,0,7.4,100,1024,2.47,0.0
2026-03-08 14:00:00.000,70,2.11,0.0,0,3.56,0.0,22,0.0,0,54,1,0.02,4.29,42,10.92,2.58,0.26,95,1.48,24099,7.59,17,0.01,40,0,0,7.15,95,1024,2.48,0.0
2026-03-08 15:00:00.000,70,1.9,0.0,0,3.42,0.0,8,0.0,0,12,2,0.02,4.2,44,10.7,2.42,0.23,56,1.49,24100,7.34,16,0.01,39,0,0,6.93,56,1024,2.49,0.0
2026-03-08 16:00:00.000,70,1.77,0.0,0,3.27,0.0,4,0.0,0,0,2,0.02,4.15,47,10.55,2.34,0.22,18,1.56,24100,7.16,15,0.01,38,0,0,6.75,18,1023,2.5,0.0
2026-03-08 17:00:00.000,70,1.71,0.0,0,3.14,0.0,1,0.0,0,0,2,0.01,4.12,50,10.45,2.3,0.21,0,1.68,24100,7.04,14,0.01,37,0,0,6.59,0,1023,2.52,0.0
2026-03-08 18:00:00.000,71,1.69,0.0,0,3.04,0.0,1,0.0,0,0,3,0.01,4.1,53,10.4,2.29,0.21,0,1.77,24100,7.05,13,0.0,37,0,0,6.5,0,1023,2.52,0.0
2026-03-08 19:00:00.000,71,1.65,0.0,0,3.03,0.0,1,0.0,0,0,2,0.01,4.09,55,10.39,2.3,0.2,0,1.8,24100,7.25,13,0.0,36,0,0,6.5,0,1023,2.51,0.0
2026-03-08 20:00:00.000,70,1.58,0.0,0,3.14,0.0,4,0.0,0,0,2,0.02,4.08,57,10.43,2.29,0.18,10,1.8,24100,7.63,13,0.0,35,0,10,6.62,0,1024,2.48,0.0
2026-03-08 21:00:00.000,68,1.52,0.0,0,3.46,-0.13,5,0.0,0,39,2,0.02,4.1,59,10.5,2.28,0.18,11,1.84,24100,8.23,13,0.0,35,0,11,6.94,0,1024,2.45,0.0
2026-03-08 22:00:00.000,64,1.46,0.0,16,4.12,9.4,6,0.0,1,88,1,0.03,4.15,59,10.62,2.31,0.19,26,1.94,24100,9.2,13,0.0,35,0,11,7.62,0,1024,2.42,31.6
2026-03-08 23:00:00.000,59,1.34,0.0,40,5.08,86.87,6,0.0,1,100,2,0.06,4.22,57,10.78,2.38,0.2,30,2.07,24100,10.54,13,0.0,35,0,10,8.66,0,1024,2.38,236.73
2026-03-09 00:00:00.000,53,0.9,0.0,40,6.25,264.22,6,0.0,1,100,2,0.14,4.3,51,10.9,2.31,0.22,30,2.19,24100,12.02,13,0.01,36,0,10,9.85,0,1024,2.34,513.67
2026-03-09 01:00:00.000,51,0.8,0.0,40,6.5,427.96,6,0.0,1,100,1,0.21,4.39,40,10.95,2.48,0.24,30,2.29,24100,12.69,13,0.01,36,1,10,10.24,0,1024,2.3,751.44
2026-03-09 02:00:00.000,50,0.69,0.0,41,6.7,563.14,6,0.0,1,98,1,0.27,4.5,31,10.96,2.75,0.26,29,2.38,24100,13.3,12,0.01,37,3,10,10.57,0,1023,2.26,933.83
2026-03-09 03:00:00.000,49,0.68,0.0,49,7.33,689.01,3,0.0,1,55,1,0.32,4.6,25,11.0,3.03,0.27,16,2.48,24100,13.66,12,0.02,38,4,0,10.72,0,1023,2.21,1048.43
2026-03-09 04:00:00.000,49,0.73,0.0,57,7.7,750.41,2,0.0,1,12,0,0.34,4.71,22,11.09,3.29,0.3,3,2.63,24100,14.07,11,0.02,38,5,0,10.95,0,1023,2.16,1087.43
2026-03-09 05:00:00.000,48,0.78,0.0,60,7.63,707.67,1,0.0,1,0,0,0.33,4.83,19,11.19,3.5,0.32,0,2.78,24100,14.5,11,0.02,39,5,0,11.27,0,1022,2.11,1048.21
2026-03-09 06:00:00.000,48,0.87,0.0,60,7.07,596.41,1,0.0,1,0,1,0.29,4.9,19,11.3,3.6,0.32,0,2.84,24100,14.54,11,0.03,40,4,0,11.34,0,1022,2.06,933.43
2026-03-09 07:00:00.000,50,1.07,0.0,60,6.6,448.71,1,0.0,1,0,1,0.22,4.9,21,11.39,3.53,0.3,0,2.74,24100,13.97,11,0.03,39,3,0,11.03,0,1022,2.01,750.95
2026-03-09 08:00:00.000,53,1.35,0.0,53,6.18,262.31,5,0.0,1,23,1,0.15,4.86,24,11.48,3.33,0.25,10,2.54,24100,12.96,10,0.02,39,1,0,10.43,10,1022,1.96,513.22
2026-03-09 09:00:00.000,56,1.61,0.0,46,5.7,85.32,6,0.0,1,71,2,0.08,4.8,28,11.6,3.11,0.21,21,2.34,24100,11.86,10,0.02,39,0,0,9.75,11,1023,1.91,236.46
2026-03-09 10:00:00.000,60,1.82,0.0,15,5.18,7.87,6,0.0,0,100,2,0.04,4.75,33,11.77,2.91,0.18,30,2.19,24100,10.71,10,0.02,38,0,0,9.04,11,1023,1.86,31.65
2026-03-09 11:00:00.000,63,1.93,0.0,0,4.61,-0.17,6,0.0,0,100,2,0.03,4.69,38,11.97,2.73,0.14,30,2.05,24100,9.55,11,0.02,38,0,0,8.33,10,1023,1.82,0.0
2026-03-09 12:00:00.000,66,1.94,0.0,0,4.21,0.0,6,0.0,0,100,3,0.02,4.6,42,12.2,2.56,0.12,30,1.91,24100,8.67,11,0.02,38,0,0,7.81,10,1024,1.8,0.0
2026-03-09 13:00:00.000,67,1.83,0.0,0,3.96,0.0,6,0.0,0,100,2,0.02,4.45,44,12.46,2.38,0.11,30,1.78,24100,8.13,11,0.02,37,0,0,7.46,10,1024,1.8,0.0
2026-03-09 14:00:00.000,67,1.66,0.0,0,3.77,0.0,6,0.0,0,100,2,0.02,4.27,45,12.73,2.22,0.1,30,1.65,24100,7.76,10,0.01,37,0,0,7.18,10,1023,1.83,0.0
2026-03-09 15:00:00.000,68,1.51,0.0,0,3.56,0.0,3,0.0,0,96,2,0.02,4.1,47,13.0,2.14,0.11,28,1.56,24100,7.49,10,0.01,37,0,0,6.94,0,1023,1.85,0.0
2026-03-09 16:00:00.000,68,1.44,0.0,0,3.34,0.0,3,0.0,0,55,1,0.02,3.94,52,13.27,2.16,0.12,16,1.51,24100,7.29,10,0.01,37,0,0,6.75,0,1023,1.88,0.0
2026-03-09 17:00:00.000,69,1.45,0.0,0,3.11,0.0,2,0.0,0,10,1,0.02,3.8,57,13.52,2.25,0.14,3,1.5,24100,7.18,10,0.01,37,0,0,6.58,0,1023,1.91,0.0
2026-03-09 18:00:00.000,70,1.47,0.0,0,2.94,0.0,1,0.0,0,0,2,0.02,3.7,60,13.7,2.35,0.16,0,1.49,24100,7.18,10,0.01,38,0,0,6.48,0,1023,1.93,0.0
2026-03-09 19:00:00.000,70,1.43,0.0,0,2.89,0.0,1,0.0,0,0,2,0.02,3.66,61,13.77,2.4,0.18,0,1.45,24100,7.33,10,0.01,38,0,0,6.47,0,1023,1.93,0.0
2026-03-09 20:00:00.000,69,1.34,0.0,0,2.98,0.0,1,0.0,0,0,2,0.02,3.66,62,13.76,2.41,0.21,0,1.42,24100,7.65,10,0.01,38,0,0,6.57,0,1023,1.91,0.0
2026-03-09 21:00:00.000,67,1.27,0.0,0,3.28,-0.13,1,0.0,0,0,2,0.02,3.7,63,13.7,2.41,0.24,0,1.42,24100,8.2,10,0.01,39,0,0,6.89,0,1024,1.9,0.0
2026-03-09 22:00:00.000,63,1.19,0.0,24,3.91,11.37,1,0.0,1,0,2,0.03,3.78,62,13.61,2.46,0.28,0,1.46,24100,9.13,11,0.01,39,0,0,7.57,0,1024,1.89,34.86
2026-03-09 23:00:00.000,58,1.04,0.0,60,4.87,106.2,1,0.0,1,0,2,0.07,3.9,60,13.46,2.55,0.32,0,1.54,24100,10.44,11,0.01,40,0,0,8.61,0,1024,1.89,243.17
2026-03-10 00:00:00.000,52,0.61,0.0,60,6.06,311.65,1,0.0,1,0,2,0.15,4.0,54,13.2,2.47,0.35,0,1.63,24100,11.94,12,0.01,41,0,0,9.82,0,1024,1.93,519.99
2026-03-10 01:00:00.000,51,0.63,0.0,60,6.41,502.06,1,0.0,1,0,1,0.23,4.07,43,12.76,2.6,0.36,0,1.73,24100,12.72,13,0.01,40,1,0,10.26,0,1024,2.03,757.55
2026-03-10 02:00:00.000,50,0.7,0.0,60,7.25,656.54,1,0.0,1,0,1,0.3,4.12,33,12.21,2.82,0.36,0,1.86,24100,13.49,14,0.01,39,1,0,10.66,0,1023,2.18,939.68
2026-03-10 03:00:00.000,49,0.83,0.0,60,7.82,752.92,1,0.0,1,0,1,0.34,4.2,27,11.7,3.07,0.36,0,1.98,24100,14.02,14,0.01,38,2,0,10.88,0,1023,2.31,1053.97
2026-03-10 04:00:00.000,49,0.97,0.0,60,8.05,772.78,1,0.0,1,0,0,0.35,4.33,22,11.23,3.33,0.36,0,2.13,24100,14.59,15,0.02,37,3,0,11.18,0,1023,2.44,1092.65
2026-03-10 05:00:00.000,48,1.06,0.0,60,7.97,716.83,1,0.0,1,0,0,0.34,4.47,19,10.8,3.57,0.37,0,2.27,24100,15.19,16,0.02,36,3,0,11.57,0,1022,2.55,1053.09
2026-03-10 06:00:00.000,48,1.19,0.0,60,7.45,604.62,1,0.0,1,0,1,0.29,4.6,18,10.5,3.7,0.36,0,2.33,24100,15.32,17,0.02,36,2,0,11.69,0,1022,2.62,938.02
2026-03-10 07:00:00.000,50,1.4,0.0,60,6.94,455.23,1,0.0,1,0,0,0.23,4.69,21,10.39,3.65,0.34,0,2.25,24100,14.73,16,0.02,36,1,0,11.4,0,1022,2.6,755.28
2026-03-10 08:00:00.000,53,1.67,0.0,57,6.48,277.06,2,0.0,1,10,0,0.15,4.75,27,10.42,3.51,0.3,3,2.08,24100,13.63,15,0.02,37,1,0,10.8,0,1023,2.54,517.36
2026-03-10 09:00:00.000,56,1.94,0.0,57,5.95,96.52,2,0.0,1,11,1,0.08,4.8,32,10.5,3.35,0.27,3,1.91,24100,12.42,14,0.02,38,0,0,10.11,0,1023,2.46,240.48
2026-03-10 10:00:00.000,60,2.22,0.0,23,5.36,9.38,2,0.0,0,11,1,0.05,4.87,38,10.63,3.24,0.25,3,1.78,24100,11.16,13,0.02,39,0,0,9.39,0,1024,2.37,33.66
2026-03-10 11:00:00.000,64,2.39,0.0,0,4.71,-0.17,2,0.0,0,10,1,0.03,4.92,44,10.81,3.17,0.24,3,1.66,24100,9.86,12,0.01,40,0,0,8.66,0,1024,2.28,0.0
2026-03-10 12:00:00.000,67,2.44,0.0,0,4.25,0.0,2,0.0,0,10,2,0.03,4.9,49,11.0,3.06,0.25,3,1.56,24100,8.89,12,0.01,42,0,0,8.11,0,1024,2.21,0.0
2026-03-10 13:00:00.000,68,2.31,0.0,0,3.98,0.0,2,0.0,0,10,2,0.02,4.75,52,11.16,2.86,0.3,3,1.46,24100,8.31,12,0.01,41,0,0,7.73,0,1024,2.18,0.0
2026-03-10 14:00:00.000,68,2.11,0.0,0,3.8,0.0,2,0.0,0,10,2,0.02,4.52,54,11.32,2.64,0.36,3,1.38,24100,7.93,13,0.01,41,0,0,7.42,0,1024,2.19,0.0
2026-03-10 15:00:00.000,69,1.92,0.0,0,3.62,0.0,1,0.0,0,0,2,0.02,4.3,57,11.5,2.48,0.43,0,1.35,24100,7.66,14,0.01,41,0,0,7.16,0,1024,2.19,0.0
2026-03-10 16:00:00.000,69,1.83,0.0,0,3.43,0.0,1,0.0,0,0,2,0.02,4.1,61,11.73,2.4,0.51,0,1.36,24100,7.47,16,0.01,40,0,0,6.94,0,1024,2.2,0.0
2026-03-10 17:00:00.000,70,1.81,0.0,0,3.26,0.0,1,0.0,0,0,2,0.02,3.92,67,11.98,2.37,0.59,0,1.42,24100,7.36,17,0.01,40,0,0,6.75,0,1024,2.21,0.0
2026-03-10 18:00:00.000,71,1.82,0.0,0,3.15,0.0,1,0.0,0,0,2,0.02,3.8,71,12.2,2.37,0.64,0,1.49,24100,7.35,18,0.01,41,0,0,6.64,0,1024,2.21,0.0
2026-03-10 19:00:00.000,71,1.79,0.0,0,3.15,0.0,1,0.0,0,0,1,0.02,3.78,73,12.35,2.36,0.63,0,1.54,24100,7.46,19,0.01,41,0,0,6.64,0,1024,2.19,0.0
2026-03-10 20:00:00.000,70,1.73,0.0,0,3.3,0.0,1,0.0,0,0,1,0.02,3.83,76,12.47,2.33,0.59,0,1.61,24100,7.72,19,0.01,41,0,0,6.77,0,1024,2.15,0.0
2026-03-10 21:00:00.000,68,1.69,0.0,0,3.66,-0.13,1,0.0,0,0,1,0.02,3.9,78,12.6,2.3,0.54,0,1.7,24100,8.22,20,0.01,42,0,0,7.12,0,1024,2.13,0.0
2026-03-10 22:00:00.000,64,1.67,0.0,23,4.35,11.66,4,0.0,1,0,0,0.03,4.0,78,12.77,2.33,0.5,10,1.83,24100,9.11,21,0.01,42,0,10,7.84,0,1024,2.11,38.11
2026-03-10 23:00:00.000,59,1.59,0.0,53,5.4,104.27,4,0.0,1,0,0,0.07,4.13,77,12.94,2.38,0.45,10,1.99,24100,10.4,21,0.01,43,0,10,8.93,0,1024,2.1,249.59
2026-03-11 00:00:00.000,53,1.22,0.0,53,6.72,298.98,4,0.0,1,0,1,0.15,4.2,72,13.1,2.2,0.43,10,2.13,24100,11.9,22,0.01,44,0,10,10.19,0,1024,2.15,526.27
2026-03-11 01:00:00.000,51,1.21,0.0,53,7.27,477.93,4,0.0,1,0,0,0.23,4.17,60,13.2,2.12,0.45,10,2.23,24100,12.73,22,0.01,43,1,10,10.69,0,1024,2.29,763.61
2026-03-11 02:00:00.000,50,1.21,0.0,52,8.15,622.36,4,0.0,1,0,0,0.3,4.08,48,13.29,2.12,0.48,11,2.32,24100,13.57,22,0.02,43,3,11,11.16,0,1023,2.48,945.47
2026-03-11 03:00:00.000,49,1.35,0.0,52,8.9,712.25,4,0.0,1,0,1,0.34,4.0,39,13.4,2.23,0.53,11,2.4,24100,14.18,23,0.02,43,4,11,11.44,0,1023,2.66,1059.45
2026-03-11 04:00:00.000,49,1.59,0.0,53,9.3,731.67,4,0.0,1,0,1,0.35,3.96,32,13.55,2.38,0.58,10,2.5,24100,14.85,23,0.02,42,5,10,11.81,0,1022,2.83,1097.8
2026-03-11 05:00:00.000,48,1.87,0.0,60,9.58,711.41,1,0.0,1,0,1,0.35,3.93,28,13.73,2.52,0.63,0,2.6,24100,15.54,23,0.02,42,5,0,12.26,0,1022,3.0,1057.92
2026-03-11 06:00:00.000,49,2.16,0.0,60,9.13,599.43,1,0.0,1,0,2,0.3,3.9,27,14.0,2.59,0.67,0,2.62,24100,15.78,23,0.02,43,4,0,12.44,0,1022,3.08,942.55
2026-03-11 07:00:00.000,51,2.5,0.0,60,8.7,447.23,1,0.0,1,0,2,0.23,3.86,30,14.4,2.56,0.68,0,2.54,24100,15.29,23,0.02,43,3,0,12.2,0,1022,3.03,759.57
2026-03-11 08:00:00.000,54,2.89,0.0,60,8.29,274.56,1,0.0,1,0,1,0.15,3.83,36,14.9,2.45,0.68,0,2.4,24100,14.3,22,0.02,43,1,0,11.64,0,1022,2.89,521.46
2026-03-11 09:00:00.000,58,3.26,0.0,60,7.78,96.09,1,0.0,1,0,2,0.07,3.8,42,15.4,2.35,0.67,0,2.27,24100,13.19,22,0.02,43,0,0,11.0,0,1022,2.74,244.48
2026-03-11 10:00:00.000,63,3.64,0.0,24,7.2,9.39,2,0.0,0,10,2,0.04,3.79,49,15.93,2.32,0.66,3,2.17,24100,12.03,21,0.02,43,0,0,10.32,0,1022,2.58,35.65
2026-03-11 11:00:00.000,67,3.9,0.0,0,6.55,-0.17,2,0.0,0,10,2,0.02,3.8,57,16.46,2.33,0.64,3,2.09,24100,10.84,21,0.02,43,0,0,9.62,0,1023,2.41,0.0
2026-03-11 12:00:00.000,70,4.01,0.0,0,6.08,0.0,2,0.0,0,10,3,0.02,3.8,62,16.9,2.31,0.61,3,2.05,24100,9.96,21,0.02,43,0,0,9.11,0,1023,2.3,0.0
2026-03-11 13:00:00.000,71,3.91,0.0,0,5.8,0.0,2,0.0,0,10,3,0.01,3.79,63,17.18,2.16,0.57,3,2.08,24100,9.45,20,0.01,42,0,0,8.76,0,1023,2.29,0.0
2026-03-11 14:00:00.000,72,3.72,0.0,0,5.6,0.0,2,0.0,0,11,2,0.01,3.79,62,17.36,2.0,0.51,3,2.16,24100,9.14,20,0.01,42,0,0,8.47,0,1023,2.34,0.0
2026-03-11 15:00:00.000,72,3.54,0.0,0,5.4,0.0,2,0.0,0,11,3,0.01,3.8,63,17.5,1.89,0.45,3,2.27,24100,8.92,19,0.01,42,0,0,8.23,0,1023,2.39,0.0
2026-03-11 16:00:00.000,72,3.45,0.0,0,5.21,0.0,2,0.0,0,10,3,0.01,3.85,66,17.61,1.84,0.39,3,2.41,24100,8.76,19,0.01,42,0,0,8.03,0,1022,2.45,0.0
2026-03-11 17:00:00.000,73,3.43,0.0,0,5.04,0.0,1,0.0,0,0,3,0.01,3.93,69,17.67,1.82,0.34,0,2.58,24100,8.68,19,0.01,42,0,0,7.85,0,1022,2.52,0.0
2026-03-11 18:00:00.000,74,3.48,0.0,0,4.95,0.0,1,0.0,0,0,4,0.01,4.0,71,17.7,1.83,0.29,0,2.7,24100,8.68,20,0.01,42,0,0,7.76,0,1022,2.55,0.0
2026-03-11 19:00:00.000,74,3.58,0.0,0,4.99,0.0,4,0.0,0,0,4,0.01,4.06,73,17.71,1.83,0.27,18,2.72,24100,8.77,20,0.01,41,0,18,7.78,0,1022,2.52,0.0
2026-03-11 20:00:00.000,74,3.7,0.0,0,5.19,0.0,7,0.0,0,0,4,0.01,4.13,76,17.7,1.81,0.26,66,2.68,24100,9.0,21,0.01,40,0,66,7.93,0,1022,2.46,0.0
2026-03-11 21:00:00.000,73,3.82,0.0,0,5.58,-0.13,22,0.0,0,0,5,0.01,4.2,78,17.6,1.79,0.26,100,2.66,24100,9.46,22,0.01,40,0,100,8.3,0,1022,2.41,0.0
2026-03-11 22:00:00.000,70,3.92,0.0,0,6.31,7.14,22,0.0,1,0,5,0.03,4.29,77,17.46,1.82,0.28,100,2.69,24100,10.29,22,0.01,39,0,100,9.03,0,1023,2.37,41.39
2026-03-11 23:00:00.000,65,3.99,0.0,0,7.37,51.8,22,0.0,1,0,6,0.05,4.38,74,17.24,1.89,0.3,100,2.75,24100,11.5,23,0.01,39,0,100,10.12,0,1023,2.33,256.08
2026-03-12 00:00:00.000,59,3.79,0.0,0,8.67,146.74,22,0.0,1,0,7,0.1,4.5,68,16.8,1.73,0.35,100,2.83,24100,12.89,25,0.01,39,0,100,11.35,0,1023,2.37,532.59
2026-03-12 01:00:00.000,58,3.85,0.0,0,9.14,237.95,22,0.0,1,0,6,0.14,4.66,52,16.01,1.71,0.43,100,2.95,24100,13.56,25,0.01,38,1,100,11.78,0,1022,2.52,769.71
2026-03-12 02:00:00.000,57,3.91,0.0,0,9.46,316.86,22,0.0,1,0,5,0.18,4.83,37,15.0,1.8,0.53,100,3.1,24100,14.2,26,0.01,38,3,100,12.16,0,1022,2.75,951.27
2026-03-12 03:00:00.000,56,4.05,0.0,0,9.58,368.14,22,0.0,1,0,5,0.21,5.0,27,14.0,1.95,0.63,100,3.26,24100,14.63,27,0.01,39,4,100,12.36,0,1022,2.96,1064.92
2026-03-12 04:00:00.000,56,4.27,0.0,16,9.79,473.89,7,0.0,1,0,4,0.26,5.17,19,13.01,2.12,0.72,67,3.46,24100,15.12,28,0.01,39,5,67,12.64,0,1021,3.17,1102.92
2026-03-12 05:00:00.000,56,4.49,0.0,49,10.28,583.49,4,0.0,1,0,4,0.3,5.32,13,12.03,2.28,0.8,17,3.67,24100,15.65,30,0.02,39,5,17,13.01,0,1021,3.36,1062.71
2026-03-12 06:00:00.000,56,4.68,0.0,60,10.21,540.71,1,0.0,1,0,4,0.28,5.4,12,11.3,2.35,0.84,0,3.75,24100,15.78,31,0.02,40,4,0,13.14,0,1021,3.47,947.03
2026-03-12 07:00:00.000,57,4.83,0.0,56,10.03,394.14,2,0.0,1,18,3,0.21,5.36,16,10.94,2.29,0.82,5,3.62,24100,15.29,31,0.02,40,3,0,12.89,0,1021,3.44,763.78
2026-03-12 08:00:00.000,60,4.97,0.0,47,9.62,226.0,3,0.0,1,66,3,0.13,5.23,24,10.83,2.17,0.75,20,3.36,24100,14.36,30,0.01,40,1,0,12.36,0,1021,3.31,525.49
2026-03-12 09:00:00.000,63,5.13,0.0,40,9.12,76.4,3,0.0,1,100,3,0.06,5.1,32,10.8,2.05,0.69,30,3.11,24100,13.33,30,0.01,41,0,0,11.75,0,1021,3.17,248.4
2026-03-12 10:00:00.000,67,5.31,0.0,19,8.58,8.29,3,0.0,0,77,3,0.03,4.97,40,10.85,1.97,0.62,23,2.9,24100,12.26,29,0.01,41,0,0,11.11,0,1021,3.02,37.62
2026-03-12 11:00:00.000,70,5.42,0.0,0,7.98,-0.17,3,0.0,0,92,3,0.01,4.82,48,10.99,1.94,0.55,27,2.7,24100,11.16,29,0.01,41,0,0,10.47,0,1022,2.84,0.0
2026-03-12 12:00:00.000,73,5.46,0.0,0,7.57,0.0,3,0.0,0,100,4,0.01,4.7,54,11.1,1.88,0.49,30,2.55,24100,10.34,29,0.01,42,0,0,10.0,0,1022,2.71,0.0
2026-03-12 13:00:00.000,74,5.42,0.0,0,7.34,0.0,3,0.0,0,92,4,0.01,4.61,57,11.16,1.73,0.46,27,2.46,24100,9.82,30,0.01,41,0,0,9.68,0,1022,2.65,0.0
2026-03-12 14:00:00.000,75,5.35,0.0,0,7.18,0.0,3,0.0,0,77,4,0.01,4.54,58,11.2,1.58,0.45,23,2.43,24100,9.47,30,0.01,40,0,0,9.43,0,1022,2.62,0.0
2026-03-12 15:00:00.000,76,5.26,0.0,0,7.01,0.0,3,0.0,0,60,5,0.0,4.5,60,11.2,1.49,0.44,18,2.42,24100,9.21,31,0.0,40,0,0,9.21,0,1022,2.61,0.0
2026-03-12 16:00:00.000,76,5.2,0.0,0,6.83,0.0,2,0.0,0,42,5,0.0,4.48,63,11.2,1.46,0.45,12,2.46,24100,9.02,32,0.0,39,0,0,9.03,0,1021,2.6,0.0
2026-03-12 17:00:00.000,77,5.2,0.0,0,6.66,0.0,2,0.0,0,23,5,0.0,4.48,67,11.16,1.48,0.46,7,2.54,24100,8.9,33,0.0,39,0,0,8.87,0,1021,2.6,0.0
2026-03-12 18:00:00.000,78,5.23,0.0,0,6.55,0.0,1,0.0,0,0,6,0.0,4.5,68,11.0,1.55,0.49,0,2.61,24100,8.92,33,0.0,39,0,0,8.8,0,1021,2.59,0.0
2026-03-12 19:00:00.000,78,5.27,0.0,0,6.54,0.0,4,0.0,0,0,6,0.0,4.55,67,10.66,1.65,0.52,23,2.66,24100,9.12,33,0.0,38,0,23,8.85,0,1021,2.56,0.0
2026-03-12 20:00:00.000,77,5.29,0.0,0,6.67,0.0,7,0.0,0,0,6,0.01,4.62,66,10.2,1.74,0.55,42,2.7,24100,9.5,32,0.0,38,0,42,9.05,0,1022,2.53,0.0
2026-03-12 21:00:00.000,75,5.3,0.0,0,7.01,-0.13,7,0.0,0,0,6,0.01,4.7,65,9.7,1.83,0.59,60,2.77,24100,10.11,31,0.0,38,0,60,9.44,0,1022,2.52,0.0
2026-03-12 22:00:00.000,71,5.29,0.0,5,7.68,8.83,19,0.0,1,0,6,0.03,4.79,62,9.19,1.93,0.64,77,2.88,24100,11.09,31,0.0,37,0,77,10.19,0,1022,2.52,44.71
2026-03-12 23:00:00.000,66,5.22,0.0,0,8.66,60.59,22,0.0,1,0,6,0.06,4.9,59,8.63,2.08,0.69,92,3.01,24100,12.46,30,0.0,37,0,92,11.29,0,1022,2.53,262.63
2026-03-13 00:00:00.000,59,4.88,0.0,0,9.84,162.93,22,0.0,1,0,6,0.11,5.0,52,8.0,2.03,0.73,100,3.14,24100,14.0,30,0.0,38,0,100,12.51,0,1022,2.61,538.97
